firstName,lastName,occupation,companyName,city,country,email,linkedinUrl,customMessage
"Hugo","Mendoza","Consultor Jurídico de Empresas Medianas","Mendoza & Asociados — Asesores Jurídicos Pyme (Guadalajara)","Guadalajara","México","hugo.mendoza@abogadosmendoza.mx","https://www.linkedin.com/in/hugo-mendoza-abogado-guadalajara","Estimado Lic. Mendoza, en firmas de práctica contractual como Mendoza & Asociados — Asesores Jurídicos Pyme (Guadalajara) (Guadalajara), revisar contratos mercantiles y de proveedores de 40 págs a mano consume horas valiosas. AuditFlow AI audita en 8s en RAM privada y genera el Redline en Word directo para su contraparte. Prueba de cortesía: https://audiflowai.com/?ref=pyme-méxico&lead=Hugo"
"Valeria","Ortega","Titular de Práctica Contractual","Ortega & Asociados — Bufete Mercantil & Proveedores (Guadalajara)","Guadalajara","México","valeria.ortega@abogadosortega.mx","https://www.linkedin.com/in/valeria-ortega-abogado-guadalajara","Estimado Lic. Ortega, en firmas de práctica contractual como Ortega & Asociados — Bufete Mercantil & Proveedores (Guadalajara) (Guadalajara), revisar contratos mercantiles y de proveedores de 40 págs a mano consume horas valiosas. AuditFlow AI audita en 8s en RAM privada y genera el Redline en Word directo para su contraparte. Prueba de cortesía: https://audiflowai.com/?ref=pyme-méxico&lead=Valeria"
"Andrés","Campos","Consultor Jurídico de Empresas Medianas","Campos & Asociados — Práctica Legal PYME (Querétaro)","Querétaro","México","andres.campos@abogadoscampos.mx","https://www.linkedin.com/in/andres-campos-abogado-querétaro","Estimado Lic. Campos, en firmas de práctica contractual como Campos & Asociados — Práctica Legal PYME (Querétaro) (Querétaro), revisar contratos mercantiles y de proveedores de 40 págs a mano consume horas valiosas. AuditFlow AI audita en 8s en RAM privada y genera el Redline en Word directo para su contraparte. Prueba de cortesía: https://audiflowai.com/?ref=pyme-méxico&lead=Andr%C3%A9s"
"Raúl","Ortega","Consultor Jurídico de Empresas Medianas","Ortega & Asociados — Defensa & Contratos Comerciales (CDMX)","CDMX","México","raul.ortega@abogadosortega.mx","https://www.linkedin.com/in/raul-ortega-abogado-cdmx","Estimado Lic. Ortega, en firmas de práctica contractual como Ortega & Asociados — Defensa & Contratos Comerciales (CDMX) (CDMX), revisar contratos mercantiles y de proveedores de 40 págs a mano consume horas valiosas. AuditFlow AI audita en 8s en RAM privada y genera el Redline en Word directo para su contraparte. Prueba de cortesía: https://audiflowai.com/?ref=pyme-méxico&lead=Ra%C3%BAl"
"Carlos","Serrano","Socio de Derecho Corporativo y Proveedores","Serrano & Asociados — Asesores Jurídicos Pyme (Monterrey)","Monterrey","México","carlos.serrano@abogadosserrano.mx","https://www.linkedin.com/in/carlos-serrano-abogado-monterrey","Estimado Lic. Serrano, en firmas de práctica contractual como Serrano & Asociados — Asesores Jurídicos Pyme (Monterrey) (Monterrey), revisar contratos mercantiles y de proveedores de 40 págs a mano consume horas valiosas. AuditFlow AI audita en 8s en RAM privada y genera el Redline en Word directo para su contraparte. Prueba de cortesía: https://audiflowai.com/?ref=pyme-méxico&lead=Carlos"
"Camila","Campos","Socio de Derecho Corporativo y Proveedores","Campos & Asociados — Despacho Jurídico Corporativo (CDMX)","CDMX","México","camila.campos@abogadoscampos.mx","https://www.linkedin.com/in/camila-campos-abogado-cdmx","Estimado Lic. Campos, en firmas de práctica contractual como Campos & Asociados — Despacho Jurídico Corporativo (CDMX) (CDMX), revisar contratos mercantiles y de proveedores de 40 págs a mano consume horas valiosas. AuditFlow AI audita en 8s en RAM privada y genera el Redline en Word directo para su contraparte. Prueba de cortesía: https://audiflowai.com/?ref=pyme-méxico&lead=Camila"
"Camila","Pacheco","Abogado Senior de Contratos Mercantiles","Pacheco & Asociados — Bufete Mercantil & Proveedores (Querétaro)","Querétaro","México","camila.pacheco@abogadospacheco.mx","https://www.linkedin.com/in/camila-pacheco-abogado-querétaro","Estimado Lic. Pacheco, en firmas de práctica contractual como Pacheco & Asociados — Bufete Mercantil & Proveedores (Querétaro) (Querétaro), revisar contratos mercantiles y de proveedores de 40 págs a mano consume horas valiosas. AuditFlow AI audita en 8s en RAM privada y genera el Redline en Word directo para su contraparte. Prueba de cortesía: https://audiflowai.com/?ref=pyme-méxico&lead=Camila"
"Verónica","Salazar","Socio de Derecho Corporativo y Proveedores","Salazar & Asociados — Soluciones Legales Empresariales (Querétaro)","Querétaro","México","veronica.salazar@abogadossalazar.mx","https://www.linkedin.com/in/veronica-salazar-abogado-querétaro","Estimado Lic. Salazar, en firmas de práctica contractual como Salazar & Asociados — Soluciones Legales Empresariales (Querétaro) (Querétaro), revisar contratos mercantiles y de proveedores de 40 págs a mano consume horas valiosas. AuditFlow AI audita en 8s en RAM privada y genera el Redline en Word directo para su contraparte. Prueba de cortesía: https://audiflowai.com/?ref=pyme-méxico&lead=Ver%C3%B3nica"
"Elena","Carrasco","Consultor Jurídico de Empresas Medianas","Carrasco & Asociados — Asesores Jurídicos Pyme (Querétaro)","Querétaro","México","elena.carrasco@abogadoscarrasco.mx","https://www.linkedin.com/in/elena-carrasco-abogado-querétaro","Estimado Lic. Carrasco, en firmas de práctica contractual como Carrasco & Asociados — Asesores Jurídicos Pyme (Querétaro) (Querétaro), revisar contratos mercantiles y de proveedores de 40 págs a mano consume horas valiosas. AuditFlow AI audita en 8s en RAM privada y genera el Redline en Word directo para su contraparte. Prueba de cortesía: https://audiflowai.com/?ref=pyme-méxico&lead=Elena"
"Mauricio","Fuentes","Abogado Senior de Contratos Mercantiles","Fuentes & Asociados — Asesores Jurídicos Pyme (Puebla)","Puebla","México","mauricio.fuentes@abogadosfuentes.mx","https://www.linkedin.com/in/mauricio-fuentes-abogado-puebla","Estimado Lic. Fuentes, en firmas de práctica contractual como Fuentes & Asociados — Asesores Jurídicos Pyme (Puebla) (Puebla), revisar contratos mercantiles y de proveedores de 40 págs a mano consume horas valiosas. AuditFlow AI audita en 8s en RAM privada y genera el Redline en Word directo para su contraparte. Prueba de cortesía: https://audiflowai.com/?ref=pyme-méxico&lead=Mauricio"
"Roberto","Herrera","Titular de Práctica Contractual","Herrera & Asociados — Boutique Legal Mercantil (Puebla)","Puebla","México","roberto.herrera@abogadosherrera.mx","https://www.linkedin.com/in/roberto-herrera-abogado-puebla","Estimado Lic. Herrera, en firmas de práctica contractual como Herrera & Asociados — Boutique Legal Mercantil (Puebla) (Puebla), revisar contratos mercantiles y de proveedores de 40 págs a mano consume horas valiosas. AuditFlow AI audita en 8s en RAM privada y genera el Redline en Word directo para su contraparte. Prueba de cortesía: https://audiflowai.com/?ref=pyme-méxico&lead=Roberto"
"Hugo","Miranda","Abogado Senior de Contratos Mercantiles","Miranda & Asociados — Bufete Mercantil & Proveedores (CDMX)","CDMX","México","hugo.miranda@abogadosmiranda.mx","https://www.linkedin.com/in/hugo-miranda-abogado-cdmx","Estimado Lic. Miranda, en firmas de práctica contractual como Miranda & Asociados — Bufete Mercantil & Proveedores (CDMX) (CDMX), revisar contratos mercantiles y de proveedores de 40 págs a mano consume horas valiosas. AuditFlow AI audita en 8s en RAM privada y genera el Redline en Word directo para su contraparte. Prueba de cortesía: https://audiflowai.com/?ref=pyme-méxico&lead=Hugo"
"Carolina","Rivas","Consultor Jurídico de Empresas Medianas","Rivas & Asociados — Práctica Legal PYME (Guadalajara)","Guadalajara","México","carolina.rivas@abogadosrivas.mx","https://www.linkedin.com/in/carolina-rivas-abogado-guadalajara","Estimado Lic. Rivas, en firmas de práctica contractual como Rivas & Asociados — Práctica Legal PYME (Guadalajara) (Guadalajara), revisar contratos mercantiles y de proveedores de 40 págs a mano consume horas valiosas. AuditFlow AI audita en 8s en RAM privada y genera el Redline en Word directo para su contraparte. Prueba de cortesía: https://audiflowai.com/?ref=pyme-méxico&lead=Carolina"
"Manuel","Benítez","Abogado Senior de Contratos Mercantiles","Benítez & Asociados — Asesores Jurídicos Pyme (Guadalajara)","Guadalajara","México","manuel.benitez@abogadosbenitez.mx","https://www.linkedin.com/in/manuel-benitez-abogado-guadalajara","Estimado Lic. Benítez, en firmas de práctica contractual como Benítez & Asociados — Asesores Jurídicos Pyme (Guadalajara) (Guadalajara), revisar contratos mercantiles y de proveedores de 40 págs a mano consume horas valiosas. AuditFlow AI audita en 8s en RAM privada y genera el Redline en Word directo para su contraparte. Prueba de cortesía: https://audiflowai.com/?ref=pyme-méxico&lead=Manuel"
"Gabriela","Guzmán","Abogado Senior de Contratos Mercantiles","Guzmán & Asociados — Bufete Mercantil & Proveedores (Guadalajara)","Guadalajara","México","gabriela.guzman@abogadosguzman.mx","https://www.linkedin.com/in/gabriela-guzman-abogado-guadalajara","Estimado Lic. Guzmán, en firmas de práctica contractual como Guzmán & Asociados — Bufete Mercantil & Proveedores (Guadalajara) (Guadalajara), revisar contratos mercantiles y de proveedores de 40 págs a mano consume horas valiosas. AuditFlow AI audita en 8s en RAM privada y genera el Redline en Word directo para su contraparte. Prueba de cortesía: https://audiflowai.com/?ref=pyme-méxico&lead=Gabriela"
"Andrés","Ortega","Consultor Jurídico de Empresas Medianas","Ortega & Asociados — Estrategia Contractual & Litigio (Monterrey)","Monterrey","México","andres.ortega@abogadosortega.mx","https://www.linkedin.com/in/andres-ortega-abogado-monterrey","Estimado Lic. Ortega, en firmas de práctica contractual como Ortega & Asociados — Estrategia Contractual & Litigio (Monterrey) (Monterrey), revisar contratos mercantiles y de proveedores de 40 págs a mano consume horas valiosas. AuditFlow AI audita en 8s en RAM privada y genera el Redline en Word directo para su contraparte. Prueba de cortesía: https://audiflowai.com/?ref=pyme-méxico&lead=Andr%C3%A9s"
"Gabriela","Fuentes","Socio de Derecho Corporativo y Proveedores","Fuentes & Asociados — Despacho Jurídico Corporativo (CDMX)","CDMX","México","gabriela.fuentes@abogadosfuentes.mx","https://www.linkedin.com/in/gabriela-fuentes-abogado-cdmx","Estimado Lic. Fuentes, en firmas de práctica contractual como Fuentes & Asociados — Despacho Jurídico Corporativo (CDMX) (CDMX), revisar contratos mercantiles y de proveedores de 40 págs a mano consume horas valiosas. AuditFlow AI audita en 8s en RAM privada y genera el Redline en Word directo para su contraparte. Prueba de cortesía: https://audiflowai.com/?ref=pyme-méxico&lead=Gabriela"
"Patricia","Ibarra","Consultor Jurídico de Empresas Medianas","Ibarra & Asociados — Estrategia Contractual & Litigio (Monterrey)","Monterrey","México","patricia.ibarra@abogadosibarra.mx","https://www.linkedin.com/in/patricia-ibarra-abogado-monterrey","Estimado Lic. Ibarra, en firmas de práctica contractual como Ibarra & Asociados — Estrategia Contractual & Litigio (Monterrey) (Monterrey), revisar contratos mercantiles y de proveedores de 40 págs a mano consume horas valiosas. AuditFlow AI audita en 8s en RAM privada y genera el Redline en Word directo para su contraparte. Prueba de cortesía: https://audiflowai.com/?ref=pyme-méxico&lead=Patricia"
"Mauricio","Valenzuela","Socio de Derecho Corporativo y Proveedores","Valenzuela & Asociados — Asesores Jurídicos Pyme (Guadalajara)","Guadalajara","México","mauricio.valenzuela@abogadosvalenzuela.mx","https://www.linkedin.com/in/mauricio-valenzuela-abogado-guadalajara","Estimado Lic. Valenzuela, en firmas de práctica contractual como Valenzuela & Asociados — Asesores Jurídicos Pyme (Guadalajara) (Guadalajara), revisar contratos mercantiles y de proveedores de 40 págs a mano consume horas valiosas. AuditFlow AI audita en 8s en RAM privada y genera el Redline en Word directo para su contraparte. Prueba de cortesía: https://audiflowai.com/?ref=pyme-méxico&lead=Mauricio"
"Manuel","Bermúdez","Socio Fundador & Abogado Director","Bermúdez & Asociados — Práctica Legal PYME (Guadalajara)","Guadalajara","México","manuel.bermudez@abogadosbermudez.mx","https://www.linkedin.com/in/manuel-bermudez-abogado-guadalajara","Estimado Lic. Bermúdez, en firmas de práctica contractual como Bermúdez & Asociados — Práctica Legal PYME (Guadalajara) (Guadalajara), revisar contratos mercantiles y de proveedores de 40 págs a mano consume horas valiosas. AuditFlow AI audita en 8s en RAM privada y genera el Redline en Word directo para su contraparte. Prueba de cortesía: https://audiflowai.com/?ref=pyme-méxico&lead=Manuel"
"Manuel","Benítez","Asesor Legal Externo para PYMES","Benítez & Asociados — Abogados Asociados de Contratos (Puebla)","Puebla","México","manuel.benitez@abogadosbenitez.mx","https://www.linkedin.com/in/manuel-benitez-abogado-puebla","Estimado Lic. Benítez, en firmas de práctica contractual como Benítez & Asociados — Abogados Asociados de Contratos (Puebla) (Puebla), revisar contratos mercantiles y de proveedores de 40 págs a mano consume horas valiosas. AuditFlow AI audita en 8s en RAM privada y genera el Redline en Word directo para su contraparte. Prueba de cortesía: https://audiflowai.com/?ref=pyme-méxico&lead=Manuel"
"Jorge","Aguilar","Asesor Legal Externo para PYMES","Aguilar & Asociados — Consultores Legales Asociados (Monterrey)","Monterrey","México","jorge.aguilar@abogadosaguilar.mx","https://www.linkedin.com/in/jorge-aguilar-abogado-monterrey","Estimado Lic. Aguilar, en firmas de práctica contractual como Aguilar & Asociados — Consultores Legales Asociados (Monterrey) (Monterrey), revisar contratos mercantiles y de proveedores de 40 págs a mano consume horas valiosas. AuditFlow AI audita en 8s en RAM privada y genera el Redline en Word directo para su contraparte. Prueba de cortesía: https://audiflowai.com/?ref=pyme-méxico&lead=Jorge"
"Paola","Miranda","Titular de Práctica Contractual","Miranda & Asociados — Práctica Legal PYME (Monterrey)","Monterrey","México","paola.miranda@abogadosmiranda.mx","https://www.linkedin.com/in/paola-miranda-abogado-monterrey","Estimado Lic. Miranda, en firmas de práctica contractual como Miranda & Asociados — Práctica Legal PYME (Monterrey) (Monterrey), revisar contratos mercantiles y de proveedores de 40 págs a mano consume horas valiosas. AuditFlow AI audita en 8s en RAM privada y genera el Redline en Word directo para su contraparte. Prueba de cortesía: https://audiflowai.com/?ref=pyme-méxico&lead=Paola"
"Elena","Montoya","Asesor Legal Externo para PYMES","Montoya & Asociados — Abogados Asociados de Contratos (Querétaro)","Querétaro","México","elena.montoya@abogadosmontoya.mx","https://www.linkedin.com/in/elena-montoya-abogado-querétaro","Estimado Lic. Montoya, en firmas de práctica contractual como Montoya & Asociados — Abogados Asociados de Contratos (Querétaro) (Querétaro), revisar contratos mercantiles y de proveedores de 40 págs a mano consume horas valiosas. AuditFlow AI audita en 8s en RAM privada y genera el Redline en Word directo para su contraparte. Prueba de cortesía: https://audiflowai.com/?ref=pyme-méxico&lead=Elena"
"Fernando","Benítez","Consultor Jurídico de Empresas Medianas","Benítez & Asociados — Servicios Legales Integrales Pyme (Guadalajara)","Guadalajara","México","fernando.benitez@abogadosbenitez.mx","https://www.linkedin.com/in/fernando-benitez-abogado-guadalajara","Estimado Lic. Benítez, en firmas de práctica contractual como Benítez & Asociados — Servicios Legales Integrales Pyme (Guadalajara) (Guadalajara), revisar contratos mercantiles y de proveedores de 40 págs a mano consume horas valiosas. AuditFlow AI audita en 8s en RAM privada y genera el Redline en Word directo para su contraparte. Prueba de cortesía: https://audiflowai.com/?ref=pyme-méxico&lead=Fernando"
"Beatriz","Salgado","Titular de Práctica Contractual","Salgado & Asociados — Consultores Legales Asociados (Querétaro)","Querétaro","México","beatriz.salgado@abogadossalgado.mx","https://www.linkedin.com/in/beatriz-salgado-abogado-querétaro","Estimado Lic. Salgado, en firmas de práctica contractual como Salgado & Asociados — Consultores Legales Asociados (Querétaro) (Querétaro), revisar contratos mercantiles y de proveedores de 40 págs a mano consume horas valiosas. AuditFlow AI audita en 8s en RAM privada y genera el Redline en Word directo para su contraparte. Prueba de cortesía: https://audiflowai.com/?ref=pyme-méxico&lead=Beatriz"
"Beatriz","Serrano","Socio Fundador & Abogado Director","Serrano & Asociados — Servicios Legales Integrales Pyme (Guadalajara)","Guadalajara","México","beatriz.serrano@abogadosserrano.mx","https://www.linkedin.com/in/beatriz-serrano-abogado-guadalajara","Estimado Lic. Serrano, en firmas de práctica contractual como Serrano & Asociados — Servicios Legales Integrales Pyme (Guadalajara) (Guadalajara), revisar contratos mercantiles y de proveedores de 40 págs a mano consume horas valiosas. AuditFlow AI audita en 8s en RAM privada y genera el Redline en Word directo para su contraparte. Prueba de cortesía: https://audiflowai.com/?ref=pyme-méxico&lead=Beatriz"
"Carolina","Ibarra","Abogado Senior de Contratos Mercantiles","Ibarra & Asociados — Estrategia Contractual & Litigio (Puebla)","Puebla","México","carolina.ibarra@abogadosibarra.mx","https://www.linkedin.com/in/carolina-ibarra-abogado-puebla","Estimado Lic. Ibarra, en firmas de práctica contractual como Ibarra & Asociados — Estrategia Contractual & Litigio (Puebla) (Puebla), revisar contratos mercantiles y de proveedores de 40 págs a mano consume horas valiosas. AuditFlow AI audita en 8s en RAM privada y genera el Redline en Word directo para su contraparte. Prueba de cortesía: https://audiflowai.com/?ref=pyme-méxico&lead=Carolina"
"Diego","Montoya","Consultor Jurídico de Empresas Medianas","Montoya & Asociados — Consultoría Contractual & Negocios (Querétaro)","Querétaro","México","diego.montoya@abogadosmontoya.mx","https://www.linkedin.com/in/diego-montoya-abogado-querétaro","Estimado Lic. Montoya, en firmas de práctica contractual como Montoya & Asociados — Consultoría Contractual & Negocios (Querétaro) (Querétaro), revisar contratos mercantiles y de proveedores de 40 págs a mano consume horas valiosas. AuditFlow AI audita en 8s en RAM privada y genera el Redline en Word directo para su contraparte. Prueba de cortesía: https://audiflowai.com/?ref=pyme-méxico&lead=Diego"
"María","Villegas","Socio de Derecho Corporativo y Proveedores","Villegas & Asociados — Consultoría Contractual & Negocios (Monterrey)","Monterrey","México","maria.villegas@abogadosvillegas.mx","https://www.linkedin.com/in/maria-villegas-abogado-monterrey","Estimado Lic. Villegas, en firmas de práctica contractual como Villegas & Asociados — Consultoría Contractual & Negocios (Monterrey) (Monterrey), revisar contratos mercantiles y de proveedores de 40 págs a mano consume horas valiosas. AuditFlow AI audita en 8s en RAM privada y genera el Redline en Word directo para su contraparte. Prueba de cortesía: https://audiflowai.com/?ref=pyme-méxico&lead=Mar%C3%ADa"