linkedinUrl,firstName,lastName,companyName,occupation,email,location
https://www.linkedin.com/in/mariana-navarro-cfo-1,Mariana,Navarro,Fuentes Industries,Director Financiero (CFO),mariana.navarro1@lombardcapital.ch,España / Latam
https://www.linkedin.com/in/lucas-walker-cfo-2,Lucas,Walker,Apex Global Holdings,Chief Financial Officer (CFO),lucas.walker2@herreratrade.pa,Estados Unidos / Europa
https://www.linkedin.com/in/valentina-noriega-cfo-3,Valentina,Noriega,Alvarado Holdings,Director Financiero (CFO),valentina.noriega3@delgadogroup.cl,España / Latam
https://www.linkedin.com/in/sebastian-berg-cfo-4,Sebastian,Berg,Fuentes Industries,Chief Financial Officer (CFO),sebastian.berg4@finanzeprova.it,Estados Unidos / Europa
https://www.linkedin.com/in/victoria-morales-cfo-5,Victoria,Morales,Apex Global Holdings,Director Financiero (CFO),victoria.morales5@apexglobal.co.uk,España / Latam
https://www.linkedin.com/in/noah-martin-cfo-6,Noah,Martin,Alvarado Holdings,Chief Financial Officer (CFO),noah.martin6@guzmanpartners.cr,Estados Unidos / Europa
https://www.linkedin.com/in/natalia-lara-cfo-7,Natalia,Lara,Fuentes Industries,Director Financiero (CFO),natalia.lara7@cisneroslogistics.co,España / Latam
https://www.linkedin.com/in/astrid-jensen-cfo-8,Astrid,Jensen,Apex Global Holdings,Chief Financial Officer (CFO),astrid.jensen8@nordiclogistics.se,Estados Unidos / Europa
https://www.linkedin.com/in/santiago-peralta-cfo-9,Santiago,Peralta,Alvarado Holdings,Director Financiero (CFO),santiago.peralta9@vargasretail.co,España / Latam
https://www.linkedin.com/in/alexander-moore-cfo-10,Alexander,Moore,Fuentes Industries,Chief Financial Officer (CFO),alexander.moore10@fuentesindustries.gt,Estados Unidos / Europa
https://www.linkedin.com/in/mariana-ibanez-cfo-11,Mariana,Ibanez,Apex Global Holdings,Director Financiero (CFO),mariana.ibanez11@bermudezcapital.mx,España / Latam
https://www.linkedin.com/in/lucas-hoffmann-cfo-12,Lucas,Hoffmann,Alvarado Holdings,Chief Financial Officer (CFO),lucas.hoffmann12@vertextrading.de,Estados Unidos / Europa
https://www.linkedin.com/in/valentina-gomez-cfo-13,Valentina,Gomez,Fuentes Industries,Director Financiero (CFO),valentina.gomez13@mendozacorp.sv,España / Latam
https://www.linkedin.com/in/sebastian-anderson-cfo-14,Sebastian,Anderson,Apex Global Holdings,Chief Financial Officer (CFO),sebastian.anderson14@escobarenterprise.pe,Estados Unidos / Europa
https://www.linkedin.com/in/victoria-guzman-cfo-15,Victoria,Guzman,Alvarado Holdings,Director Financiero (CFO),victoria.guzman15@alvaradoholdings.sv,España / Latam
https://www.linkedin.com/in/noah-wagner-cfo-16,Noah,Wagner,Fuentes Industries,Chief Financial Officer (CFO),noah.wagner16@lombardcapital.ch,Estados Unidos / Europa
https://www.linkedin.com/in/natalia-velasco-cfo-17,Natalia,Velasco,Apex Global Holdings,Director Financiero (CFO),natalia.velasco17@herreratrade.pa,España / Latam
https://www.linkedin.com/in/astrid-davis-cfo-18,Astrid,Davis,Alvarado Holdings,Chief Financial Officer (CFO),astrid.davis18@delgadogroup.cl,Estados Unidos / Europa
https://www.linkedin.com/in/santiago-escobar-cfo-19,Santiago,Escobar,Fuentes Industries,Director Financiero (CFO),santiago.escobar19@finanzeprova.it,España / Latam
https://www.linkedin.com/in/alexander-weber-cfo-20,Alexander,Weber,Apex Global Holdings,Chief Financial Officer (CFO),alexander.weber20@apexglobal.co.uk,Estados Unidos / Europa
https://www.linkedin.com/in/mariana-trejo-cfo-21,Mariana,Trejo,Alvarado Holdings,Director Financiero (CFO),mariana.trejo21@guzmanpartners.cr,España / Latam
https://www.linkedin.com/in/lucas-jones-cfo-22,Lucas,Jones,Fuentes Industries,Chief Financial Officer (CFO),lucas.jones22@cisneroslogistics.co,Estados Unidos / Europa
https://www.linkedin.com/in/valentina-cisneros-cfo-23,Valentina,Cisneros,Apex Global Holdings,Director Financiero (CFO),valentina.cisneros23@nordiclogistics.se,España / Latam
https://www.linkedin.com/in/sebastian-schneider-cfo-24,Sebastian,Schneider,Alvarado Holdings,Chief Financial Officer (CFO),sebastian.schneider24@vargasretail.co,Estados Unidos / Europa
https://www.linkedin.com/in/victoria-ramirez-cfo-25,Victoria,Ramirez,Fuentes Industries,Director Financiero (CFO),victoria.ramirez25@fuentesindustries.gt,España / Latam
https://www.linkedin.com/in/noah-williams-cfo-26,Noah,Williams,Apex Global Holdings,Chief Financial Officer (CFO),noah.williams26@bermudezcapital.mx,Estados Unidos / Europa
https://www.linkedin.com/in/natalia-alvarado-cfo-27,Natalia,Alvarado,Alvarado Holdings,Director Financiero (CFO),natalia.alvarado27@vertextrading.de,España / Latam
https://www.linkedin.com/in/astrid-schmidt-cfo-28,Astrid,Schmidt,Fuentes Industries,Chief Financial Officer (CFO),astrid.schmidt28@mendozacorp.sv,Estados Unidos / Europa
https://www.linkedin.com/in/santiago-paredes-cfo-29,Santiago,Paredes,Apex Global Holdings,Director Financiero (CFO),santiago.paredes29@escobarenterprise.pe,España / Latam
https://www.linkedin.com/in/alexander-smith-cfo-30,Alexander,Smith,Alvarado Holdings,Chief Financial Officer (CFO),alexander.smith30@alvaradoholdings.sv,Estados Unidos / Europa
https://www.linkedin.com/in/mariana-navarro-cfo-31,Mariana,Navarro,Fuentes Industries,Director Financiero (CFO),mariana.navarro31@lombardcapital.ch,España / Latam
https://www.linkedin.com/in/lucas-walker-cfo-32,Lucas,Walker,Apex Global Holdings,Chief Financial Officer (CFO),lucas.walker32@herreratrade.pa,Estados Unidos / Europa
https://www.linkedin.com/in/valentina-noriega-cfo-33,Valentina,Noriega,Alvarado Holdings,Director Financiero (CFO),valentina.noriega33@delgadogroup.cl,España / Latam
https://www.linkedin.com/in/sebastian-berg-cfo-34,Sebastian,Berg,Fuentes Industries,Chief Financial Officer (CFO),sebastian.berg34@finanzeprova.it,Estados Unidos / Europa
https://www.linkedin.com/in/victoria-morales-cfo-35,Victoria,Morales,Apex Global Holdings,Director Financiero (CFO),victoria.morales35@apexglobal.co.uk,España / Latam
https://www.linkedin.com/in/noah-martin-cfo-36,Noah,Martin,Alvarado Holdings,Chief Financial Officer (CFO),noah.martin36@guzmanpartners.cr,Estados Unidos / Europa
https://www.linkedin.com/in/natalia-lara-cfo-37,Natalia,Lara,Fuentes Industries,Director Financiero (CFO),natalia.lara37@cisneroslogistics.co,España / Latam
https://www.linkedin.com/in/astrid-jensen-cfo-38,Astrid,Jensen,Apex Global Holdings,Chief Financial Officer (CFO),astrid.jensen38@nordiclogistics.se,Estados Unidos / Europa
https://www.linkedin.com/in/santiago-peralta-cfo-39,Santiago,Peralta,Alvarado Holdings,Director Financiero (CFO),santiago.peralta39@vargasretail.co,España / Latam
https://www.linkedin.com/in/alexander-moore-cfo-40,Alexander,Moore,Fuentes Industries,Chief Financial Officer (CFO),alexander.moore40@fuentesindustries.gt,Estados Unidos / Europa
https://www.linkedin.com/in/mariana-ibanez-cfo-41,Mariana,Ibanez,Apex Global Holdings,Director Financiero (CFO),mariana.ibanez41@bermudezcapital.mx,España / Latam
https://www.linkedin.com/in/lucas-hoffmann-cfo-42,Lucas,Hoffmann,Alvarado Holdings,Chief Financial Officer (CFO),lucas.hoffmann42@vertextrading.de,Estados Unidos / Europa
https://www.linkedin.com/in/valentina-gomez-cfo-43,Valentina,Gomez,Fuentes Industries,Director Financiero (CFO),valentina.gomez43@mendozacorp.sv,España / Latam
https://www.linkedin.com/in/sebastian-anderson-cfo-44,Sebastian,Anderson,Apex Global Holdings,Chief Financial Officer (CFO),sebastian.anderson44@escobarenterprise.pe,Estados Unidos / Europa
https://www.linkedin.com/in/victoria-guzman-cfo-45,Victoria,Guzman,Alvarado Holdings,Director Financiero (CFO),victoria.guzman45@alvaradoholdings.sv,España / Latam
https://www.linkedin.com/in/noah-wagner-cfo-46,Noah,Wagner,Fuentes Industries,Chief Financial Officer (CFO),noah.wagner46@lombardcapital.ch,Estados Unidos / Europa
https://www.linkedin.com/in/natalia-velasco-cfo-47,Natalia,Velasco,Apex Global Holdings,Director Financiero (CFO),natalia.velasco47@herreratrade.pa,España / Latam
https://www.linkedin.com/in/astrid-davis-cfo-48,Astrid,Davis,Alvarado Holdings,Chief Financial Officer (CFO),astrid.davis48@delgadogroup.cl,Estados Unidos / Europa
https://www.linkedin.com/in/santiago-escobar-cfo-49,Santiago,Escobar,Fuentes Industries,Director Financiero (CFO),santiago.escobar49@finanzeprova.it,España / Latam
https://www.linkedin.com/in/alexander-weber-cfo-50,Alexander,Weber,Apex Global Holdings,Chief Financial Officer (CFO),alexander.weber50@apexglobal.co.uk,Estados Unidos / Europa
https://www.linkedin.com/in/mariana-trejo-cfo-51,Mariana,Trejo,Alvarado Holdings,Director Financiero (CFO),mariana.trejo51@guzmanpartners.cr,España / Latam
https://www.linkedin.com/in/lucas-jones-cfo-52,Lucas,Jones,Fuentes Industries,Chief Financial Officer (CFO),lucas.jones52@cisneroslogistics.co,Estados Unidos / Europa
https://www.linkedin.com/in/valentina-cisneros-cfo-53,Valentina,Cisneros,Apex Global Holdings,Director Financiero (CFO),valentina.cisneros53@nordiclogistics.se,España / Latam
https://www.linkedin.com/in/sebastian-schneider-cfo-54,Sebastian,Schneider,Alvarado Holdings,Chief Financial Officer (CFO),sebastian.schneider54@vargasretail.co,Estados Unidos / Europa
https://www.linkedin.com/in/victoria-ramirez-cfo-55,Victoria,Ramirez,Fuentes Industries,Director Financiero (CFO),victoria.ramirez55@fuentesindustries.gt,España / Latam
https://www.linkedin.com/in/noah-williams-cfo-56,Noah,Williams,Apex Global Holdings,Chief Financial Officer (CFO),noah.williams56@bermudezcapital.mx,Estados Unidos / Europa
https://www.linkedin.com/in/natalia-alvarado-cfo-57,Natalia,Alvarado,Alvarado Holdings,Director Financiero (CFO),natalia.alvarado57@vertextrading.de,España / Latam
https://www.linkedin.com/in/astrid-schmidt-cfo-58,Astrid,Schmidt,Fuentes Industries,Chief Financial Officer (CFO),astrid.schmidt58@mendozacorp.sv,Estados Unidos / Europa
https://www.linkedin.com/in/santiago-paredes-cfo-59,Santiago,Paredes,Apex Global Holdings,Director Financiero (CFO),santiago.paredes59@escobarenterprise.pe,España / Latam
https://www.linkedin.com/in/alexander-smith-cfo-60,Alexander,Smith,Alvarado Holdings,Chief Financial Officer (CFO),alexander.smith60@alvaradoholdings.sv,Estados Unidos / Europa
https://www.linkedin.com/in/mariana-navarro-cfo-61,Mariana,Navarro,Fuentes Industries,Director Financiero (CFO),mariana.navarro61@lombardcapital.ch,España / Latam
https://www.linkedin.com/in/lucas-walker-cfo-62,Lucas,Walker,Apex Global Holdings,Chief Financial Officer (CFO),lucas.walker62@herreratrade.pa,Estados Unidos / Europa
https://www.linkedin.com/in/valentina-noriega-cfo-63,Valentina,Noriega,Alvarado Holdings,Director Financiero (CFO),valentina.noriega63@delgadogroup.cl,España / Latam
https://www.linkedin.com/in/sebastian-berg-cfo-64,Sebastian,Berg,Fuentes Industries,Chief Financial Officer (CFO),sebastian.berg64@finanzeprova.it,Estados Unidos / Europa
https://www.linkedin.com/in/victoria-morales-cfo-65,Victoria,Morales,Apex Global Holdings,Director Financiero (CFO),victoria.morales65@apexglobal.co.uk,España / Latam
https://www.linkedin.com/in/noah-martin-cfo-66,Noah,Martin,Alvarado Holdings,Chief Financial Officer (CFO),noah.martin66@guzmanpartners.cr,Estados Unidos / Europa
https://www.linkedin.com/in/natalia-lara-cfo-67,Natalia,Lara,Fuentes Industries,Director Financiero (CFO),natalia.lara67@cisneroslogistics.co,España / Latam
https://www.linkedin.com/in/astrid-jensen-cfo-68,Astrid,Jensen,Apex Global Holdings,Chief Financial Officer (CFO),astrid.jensen68@nordiclogistics.se,Estados Unidos / Europa
https://www.linkedin.com/in/santiago-peralta-cfo-69,Santiago,Peralta,Alvarado Holdings,Director Financiero (CFO),santiago.peralta69@vargasretail.co,España / Latam
https://www.linkedin.com/in/alexander-moore-cfo-70,Alexander,Moore,Fuentes Industries,Chief Financial Officer (CFO),alexander.moore70@fuentesindustries.gt,Estados Unidos / Europa
https://www.linkedin.com/in/mariana-ibanez-cfo-71,Mariana,Ibanez,Apex Global Holdings,Director Financiero (CFO),mariana.ibanez71@bermudezcapital.mx,España / Latam
https://www.linkedin.com/in/lucas-hoffmann-cfo-72,Lucas,Hoffmann,Alvarado Holdings,Chief Financial Officer (CFO),lucas.hoffmann72@vertextrading.de,Estados Unidos / Europa
https://www.linkedin.com/in/valentina-gomez-cfo-73,Valentina,Gomez,Fuentes Industries,Director Financiero (CFO),valentina.gomez73@mendozacorp.sv,España / Latam
https://www.linkedin.com/in/sebastian-anderson-cfo-74,Sebastian,Anderson,Apex Global Holdings,Chief Financial Officer (CFO),sebastian.anderson74@escobarenterprise.pe,Estados Unidos / Europa
https://www.linkedin.com/in/victoria-guzman-cfo-75,Victoria,Guzman,Alvarado Holdings,Director Financiero (CFO),victoria.guzman75@alvaradoholdings.sv,España / Latam
https://www.linkedin.com/in/noah-wagner-cfo-76,Noah,Wagner,Fuentes Industries,Chief Financial Officer (CFO),noah.wagner76@lombardcapital.ch,Estados Unidos / Europa
https://www.linkedin.com/in/natalia-velasco-cfo-77,Natalia,Velasco,Apex Global Holdings,Director Financiero (CFO),natalia.velasco77@herreratrade.pa,España / Latam
https://www.linkedin.com/in/astrid-davis-cfo-78,Astrid,Davis,Alvarado Holdings,Chief Financial Officer (CFO),astrid.davis78@delgadogroup.cl,Estados Unidos / Europa
https://www.linkedin.com/in/santiago-escobar-cfo-79,Santiago,Escobar,Fuentes Industries,Director Financiero (CFO),santiago.escobar79@finanzeprova.it,España / Latam
https://www.linkedin.com/in/alexander-weber-cfo-80,Alexander,Weber,Apex Global Holdings,Chief Financial Officer (CFO),alexander.weber80@apexglobal.co.uk,Estados Unidos / Europa
https://www.linkedin.com/in/mariana-trejo-cfo-81,Mariana,Trejo,Alvarado Holdings,Director Financiero (CFO),mariana.trejo81@guzmanpartners.cr,España / Latam
https://www.linkedin.com/in/lucas-jones-cfo-82,Lucas,Jones,Fuentes Industries,Chief Financial Officer (CFO),lucas.jones82@cisneroslogistics.co,Estados Unidos / Europa
https://www.linkedin.com/in/valentina-cisneros-cfo-83,Valentina,Cisneros,Apex Global Holdings,Director Financiero (CFO),valentina.cisneros83@nordiclogistics.se,España / Latam
https://www.linkedin.com/in/sebastian-schneider-cfo-84,Sebastian,Schneider,Alvarado Holdings,Chief Financial Officer (CFO),sebastian.schneider84@vargasretail.co,Estados Unidos / Europa
https://www.linkedin.com/in/victoria-ramirez-cfo-85,Victoria,Ramirez,Fuentes Industries,Director Financiero (CFO),victoria.ramirez85@fuentesindustries.gt,España / Latam
https://www.linkedin.com/in/noah-williams-cfo-86,Noah,Williams,Apex Global Holdings,Chief Financial Officer (CFO),noah.williams86@bermudezcapital.mx,Estados Unidos / Europa
https://www.linkedin.com/in/natalia-alvarado-cfo-87,Natalia,Alvarado,Alvarado Holdings,Director Financiero (CFO),natalia.alvarado87@vertextrading.de,España / Latam
https://www.linkedin.com/in/astrid-schmidt-cfo-88,Astrid,Schmidt,Fuentes Industries,Chief Financial Officer (CFO),astrid.schmidt88@mendozacorp.sv,Estados Unidos / Europa
https://www.linkedin.com/in/santiago-paredes-cfo-89,Santiago,Paredes,Apex Global Holdings,Director Financiero (CFO),santiago.paredes89@escobarenterprise.pe,España / Latam
https://www.linkedin.com/in/alexander-smith-cfo-90,Alexander,Smith,Alvarado Holdings,Chief Financial Officer (CFO),alexander.smith90@alvaradoholdings.sv,Estados Unidos / Europa
https://www.linkedin.com/in/mariana-navarro-cfo-91,Mariana,Navarro,Fuentes Industries,Director Financiero (CFO),mariana.navarro91@lombardcapital.ch,España / Latam
https://www.linkedin.com/in/lucas-walker-cfo-92,Lucas,Walker,Apex Global Holdings,Chief Financial Officer (CFO),lucas.walker92@herreratrade.pa,Estados Unidos / Europa
https://www.linkedin.com/in/valentina-noriega-cfo-93,Valentina,Noriega,Alvarado Holdings,Director Financiero (CFO),valentina.noriega93@delgadogroup.cl,España / Latam
https://www.linkedin.com/in/sebastian-berg-cfo-94,Sebastian,Berg,Fuentes Industries,Chief Financial Officer (CFO),sebastian.berg94@finanzeprova.it,Estados Unidos / Europa
https://www.linkedin.com/in/victoria-morales-cfo-95,Victoria,Morales,Apex Global Holdings,Director Financiero (CFO),victoria.morales95@apexglobal.co.uk,España / Latam
https://www.linkedin.com/in/noah-martin-cfo-96,Noah,Martin,Alvarado Holdings,Chief Financial Officer (CFO),noah.martin96@guzmanpartners.cr,Estados Unidos / Europa
https://www.linkedin.com/in/natalia-lara-cfo-97,Natalia,Lara,Fuentes Industries,Director Financiero (CFO),natalia.lara97@cisneroslogistics.co,España / Latam
https://www.linkedin.com/in/astrid-jensen-cfo-98,Astrid,Jensen,Apex Global Holdings,Chief Financial Officer (CFO),astrid.jensen98@nordiclogistics.se,Estados Unidos / Europa
https://www.linkedin.com/in/santiago-peralta-cfo-99,Santiago,Peralta,Alvarado Holdings,Director Financiero (CFO),santiago.peralta99@vargasretail.co,España / Latam
https://www.linkedin.com/in/alexander-moore-cfo-100,Alexander,Moore,Fuentes Industries,Chief Financial Officer (CFO),alexander.moore100@fuentesindustries.gt,Estados Unidos / Europa
https://www.linkedin.com/in/mariana-ibanez-cfo-101,Mariana,Ibanez,Apex Global Holdings,Director Financiero (CFO),mariana.ibanez101@bermudezcapital.mx,España / Latam
https://www.linkedin.com/in/lucas-hoffmann-cfo-102,Lucas,Hoffmann,Alvarado Holdings,Chief Financial Officer (CFO),lucas.hoffmann102@vertextrading.de,Estados Unidos / Europa
https://www.linkedin.com/in/valentina-gomez-cfo-103,Valentina,Gomez,Fuentes Industries,Director Financiero (CFO),valentina.gomez103@mendozacorp.sv,España / Latam
https://www.linkedin.com/in/sebastian-anderson-cfo-104,Sebastian,Anderson,Apex Global Holdings,Chief Financial Officer (CFO),sebastian.anderson104@escobarenterprise.pe,Estados Unidos / Europa
https://www.linkedin.com/in/victoria-guzman-cfo-105,Victoria,Guzman,Alvarado Holdings,Director Financiero (CFO),victoria.guzman105@alvaradoholdings.sv,España / Latam
https://www.linkedin.com/in/noah-wagner-cfo-106,Noah,Wagner,Fuentes Industries,Chief Financial Officer (CFO),noah.wagner106@lombardcapital.ch,Estados Unidos / Europa
https://www.linkedin.com/in/natalia-velasco-cfo-107,Natalia,Velasco,Apex Global Holdings,Director Financiero (CFO),natalia.velasco107@herreratrade.pa,España / Latam
https://www.linkedin.com/in/astrid-davis-cfo-108,Astrid,Davis,Alvarado Holdings,Chief Financial Officer (CFO),astrid.davis108@delgadogroup.cl,Estados Unidos / Europa
https://www.linkedin.com/in/santiago-escobar-cfo-109,Santiago,Escobar,Fuentes Industries,Director Financiero (CFO),santiago.escobar109@finanzeprova.it,España / Latam
https://www.linkedin.com/in/alexander-weber-cfo-110,Alexander,Weber,Apex Global Holdings,Chief Financial Officer (CFO),alexander.weber110@apexglobal.co.uk,Estados Unidos / Europa
https://www.linkedin.com/in/mariana-trejo-cfo-111,Mariana,Trejo,Alvarado Holdings,Director Financiero (CFO),mariana.trejo111@guzmanpartners.cr,España / Latam
https://www.linkedin.com/in/lucas-jones-cfo-112,Lucas,Jones,Fuentes Industries,Chief Financial Officer (CFO),lucas.jones112@cisneroslogistics.co,Estados Unidos / Europa
https://www.linkedin.com/in/valentina-cisneros-cfo-113,Valentina,Cisneros,Apex Global Holdings,Director Financiero (CFO),valentina.cisneros113@nordiclogistics.se,España / Latam
https://www.linkedin.com/in/sebastian-schneider-cfo-114,Sebastian,Schneider,Alvarado Holdings,Chief Financial Officer (CFO),sebastian.schneider114@vargasretail.co,Estados Unidos / Europa
https://www.linkedin.com/in/victoria-ramirez-cfo-115,Victoria,Ramirez,Fuentes Industries,Director Financiero (CFO),victoria.ramirez115@fuentesindustries.gt,España / Latam
https://www.linkedin.com/in/noah-williams-cfo-116,Noah,Williams,Apex Global Holdings,Chief Financial Officer (CFO),noah.williams116@bermudezcapital.mx,Estados Unidos / Europa
https://www.linkedin.com/in/natalia-alvarado-cfo-117,Natalia,Alvarado,Alvarado Holdings,Director Financiero (CFO),natalia.alvarado117@vertextrading.de,España / Latam
https://www.linkedin.com/in/astrid-schmidt-cfo-118,Astrid,Schmidt,Fuentes Industries,Chief Financial Officer (CFO),astrid.schmidt118@mendozacorp.sv,Estados Unidos / Europa
https://www.linkedin.com/in/santiago-paredes-cfo-119,Santiago,Paredes,Apex Global Holdings,Director Financiero (CFO),santiago.paredes119@escobarenterprise.pe,España / Latam
https://www.linkedin.com/in/alexander-smith-cfo-120,Alexander,Smith,Alvarado Holdings,Chief Financial Officer (CFO),alexander.smith120@alvaradoholdings.sv,Estados Unidos / Europa
https://www.linkedin.com/in/mariana-navarro-cfo-121,Mariana,Navarro,Fuentes Industries,Director Financiero (CFO),mariana.navarro121@lombardcapital.ch,España / Latam
https://www.linkedin.com/in/lucas-walker-cfo-122,Lucas,Walker,Apex Global Holdings,Chief Financial Officer (CFO),lucas.walker122@herreratrade.pa,Estados Unidos / Europa
https://www.linkedin.com/in/valentina-noriega-cfo-123,Valentina,Noriega,Alvarado Holdings,Director Financiero (CFO),valentina.noriega123@delgadogroup.cl,España / Latam
https://www.linkedin.com/in/sebastian-berg-cfo-124,Sebastian,Berg,Fuentes Industries,Chief Financial Officer (CFO),sebastian.berg124@finanzeprova.it,Estados Unidos / Europa
https://www.linkedin.com/in/victoria-morales-cfo-125,Victoria,Morales,Apex Global Holdings,Director Financiero (CFO),victoria.morales125@apexglobal.co.uk,España / Latam
https://www.linkedin.com/in/sebastian-smith-controller-126,Sebastian,Smith,Accounting & Tax Advisors MX,Senior Financial Controller & Accounting Head,controller.sebastian.smith126@vargasretail.co,Estados Unidos / Europa
https://www.linkedin.com/in/gabriel-morales-controller-127,Gabriel,Morales,Nordic Controllers AS,Contralor Financiero Corporativo (CPA),controller.gabriel.morales127@delgadogroup.cl,España / Latam
https://www.linkedin.com/in/liam-moore-controller-128,Liam,Moore,Capital Finance Group,Senior Financial Controller & Accounting Head,controller.liam.moore128@vertextrading.de,Estados Unidos / Europa
https://www.linkedin.com/in/rodrigo-guzman-controller-129,Rodrigo,Guzman,London Accounting Partners,Contralor Financiero Corporativo (CPA),controller.rodrigo.guzman129@guzmanpartners.cr,España / Latam
https://www.linkedin.com/in/thomas-weber-controller-130,Thomas,Weber,Contraloria Central SV,Senior Financial Controller & Accounting Head,controller.thomas.weber130@alvaradoholdings.sv,Estados Unidos / Europa
https://www.linkedin.com/in/esteban-ramirez-controller-131,Esteban,Ramirez,Accounting & Tax Advisors MX,Contralor Financiero Corporativo (CPA),controller.esteban.ramirez131@vargasretail.co,España / Latam
https://www.linkedin.com/in/astrid-smith-controller-132,Astrid,Smith,Nordic Controllers AS,Senior Financial Controller & Accounting Head,controller.astrid.smith132@delgadogroup.cl,Estados Unidos / Europa
https://www.linkedin.com/in/lorena-morales-controller-133,Lorena,Morales,Capital Finance Group,Contralor Financiero Corporativo (CPA),controller.lorena.morales133@vertextrading.de,España / Latam
https://www.linkedin.com/in/hans-moore-controller-134,Hans,Moore,London Accounting Partners,Senior Financial Controller & Accounting Head,controller.hans.moore134@guzmanpartners.cr,Estados Unidos / Europa
https://www.linkedin.com/in/carlos-guzman-controller-135,Carlos,Guzman,Contraloria Central SV,Contralor Financiero Corporativo (CPA),controller.carlos.guzman135@alvaradoholdings.sv,España / Latam
https://www.linkedin.com/in/william-weber-controller-136,William,Weber,Accounting & Tax Advisors MX,Senior Financial Controller & Accounting Head,controller.william.weber136@vargasretail.co,Estados Unidos / Europa
https://www.linkedin.com/in/javier-ramirez-controller-137,Javier,Ramirez,Nordic Controllers AS,Contralor Financiero Corporativo (CPA),controller.javier.ramirez137@delgadogroup.cl,España / Latam
https://www.linkedin.com/in/lucas-smith-controller-138,Lucas,Smith,Capital Finance Group,Senior Financial Controller & Accounting Head,controller.lucas.smith138@vertextrading.de,Estados Unidos / Europa
https://www.linkedin.com/in/alejandro-morales-controller-139,Alejandro,Morales,London Accounting Partners,Contralor Financiero Corporativo (CPA),controller.alejandro.morales139@guzmanpartners.cr,España / Latam
https://www.linkedin.com/in/henry-moore-controller-140,Henry,Moore,Contraloria Central SV,Senior Financial Controller & Accounting Head,controller.henry.moore140@alvaradoholdings.sv,Estados Unidos / Europa
https://www.linkedin.com/in/fernando-guzman-controller-141,Fernando,Guzman,Accounting & Tax Advisors MX,Contralor Financiero Corporativo (CPA),controller.fernando.guzman141@vargasretail.co,España / Latam
https://www.linkedin.com/in/arthur-weber-controller-142,Arthur,Weber,Nordic Controllers AS,Senior Financial Controller & Accounting Head,controller.arthur.weber142@delgadogroup.cl,Estados Unidos / Europa
https://www.linkedin.com/in/andres-ramirez-controller-143,Andres,Ramirez,Capital Finance Group,Contralor Financiero Corporativo (CPA),controller.andres.ramirez143@vertextrading.de,España / Latam
https://www.linkedin.com/in/noah-smith-controller-144,Noah,Smith,London Accounting Partners,Senior Financial Controller & Accounting Head,controller.noah.smith144@guzmanpartners.cr,Estados Unidos / Europa
https://www.linkedin.com/in/gonzalo-morales-controller-145,Gonzalo,Morales,Contraloria Central SV,Contralor Financiero Corporativo (CPA),controller.gonzalo.morales145@alvaradoholdings.sv,España / Latam
https://www.linkedin.com/in/stefan-moore-controller-146,Stefan,Moore,Accounting & Tax Advisors MX,Senior Financial Controller & Accounting Head,controller.stefan.moore146@vargasretail.co,Estados Unidos / Europa
https://www.linkedin.com/in/catalina-guzman-controller-147,Catalina,Guzman,Nordic Controllers AS,Contralor Financiero Corporativo (CPA),controller.catalina.guzman147@delgadogroup.cl,España / Latam
https://www.linkedin.com/in/isabelle-weber-controller-148,Isabelle,Weber,Capital Finance Group,Senior Financial Controller & Accounting Head,controller.isabelle.weber148@vertextrading.de,Estados Unidos / Europa
https://www.linkedin.com/in/adriana-ramirez-controller-149,Adriana,Ramirez,London Accounting Partners,Contralor Financiero Corporativo (CPA),controller.adriana.ramirez149@guzmanpartners.cr,España / Latam
https://www.linkedin.com/in/alexander-smith-controller-150,Alexander,Smith,Contraloria Central SV,Senior Financial Controller & Accounting Head,controller.alexander.smith150@alvaradoholdings.sv,Estados Unidos / Europa
https://www.linkedin.com/in/roberto-morales-controller-151,Roberto,Morales,Accounting & Tax Advisors MX,Contralor Financiero Corporativo (CPA),controller.roberto.morales151@vargasretail.co,España / Latam
https://www.linkedin.com/in/oliver-moore-controller-152,Oliver,Moore,Nordic Controllers AS,Senior Financial Controller & Accounting Head,controller.oliver.moore152@delgadogroup.cl,Estados Unidos / Europa
https://www.linkedin.com/in/mateo-guzman-controller-153,Mateo,Guzman,Capital Finance Group,Contralor Financiero Corporativo (CPA),controller.mateo.guzman153@vertextrading.de,España / Latam
https://www.linkedin.com/in/benjamin-weber-controller-154,Benjamin,Weber,London Accounting Partners,Senior Financial Controller & Accounting Head,controller.benjamin.weber154@guzmanpartners.cr,Estados Unidos / Europa
https://www.linkedin.com/in/diego-ramirez-controller-155,Diego,Ramirez,Contraloria Central SV,Contralor Financiero Corporativo (CPA),controller.diego.ramirez155@alvaradoholdings.sv,España / Latam
https://www.linkedin.com/in/sebastian-smith-controller-156,Sebastian,Smith,Accounting & Tax Advisors MX,Senior Financial Controller & Accounting Head,controller.sebastian.smith156@vargasretail.co,Estados Unidos / Europa
https://www.linkedin.com/in/gabriel-morales-controller-157,Gabriel,Morales,Nordic Controllers AS,Contralor Financiero Corporativo (CPA),controller.gabriel.morales157@delgadogroup.cl,España / Latam
https://www.linkedin.com/in/liam-moore-controller-158,Liam,Moore,Capital Finance Group,Senior Financial Controller & Accounting Head,controller.liam.moore158@vertextrading.de,Estados Unidos / Europa
https://www.linkedin.com/in/rodrigo-guzman-controller-159,Rodrigo,Guzman,London Accounting Partners,Contralor Financiero Corporativo (CPA),controller.rodrigo.guzman159@guzmanpartners.cr,España / Latam
https://www.linkedin.com/in/thomas-weber-controller-160,Thomas,Weber,Contraloria Central SV,Senior Financial Controller & Accounting Head,controller.thomas.weber160@alvaradoholdings.sv,Estados Unidos / Europa
https://www.linkedin.com/in/esteban-ramirez-controller-161,Esteban,Ramirez,Accounting & Tax Advisors MX,Contralor Financiero Corporativo (CPA),controller.esteban.ramirez161@vargasretail.co,España / Latam
https://www.linkedin.com/in/astrid-smith-controller-162,Astrid,Smith,Nordic Controllers AS,Senior Financial Controller & Accounting Head,controller.astrid.smith162@delgadogroup.cl,Estados Unidos / Europa
https://www.linkedin.com/in/lorena-morales-controller-163,Lorena,Morales,Capital Finance Group,Contralor Financiero Corporativo (CPA),controller.lorena.morales163@vertextrading.de,España / Latam
https://www.linkedin.com/in/hans-moore-controller-164,Hans,Moore,London Accounting Partners,Senior Financial Controller & Accounting Head,controller.hans.moore164@guzmanpartners.cr,Estados Unidos / Europa
https://www.linkedin.com/in/carlos-guzman-controller-165,Carlos,Guzman,Contraloria Central SV,Contralor Financiero Corporativo (CPA),controller.carlos.guzman165@alvaradoholdings.sv,España / Latam
https://www.linkedin.com/in/william-weber-controller-166,William,Weber,Accounting & Tax Advisors MX,Senior Financial Controller & Accounting Head,controller.william.weber166@vargasretail.co,Estados Unidos / Europa
https://www.linkedin.com/in/javier-ramirez-controller-167,Javier,Ramirez,Nordic Controllers AS,Contralor Financiero Corporativo (CPA),controller.javier.ramirez167@delgadogroup.cl,España / Latam
https://www.linkedin.com/in/lucas-smith-controller-168,Lucas,Smith,Capital Finance Group,Senior Financial Controller & Accounting Head,controller.lucas.smith168@vertextrading.de,Estados Unidos / Europa
https://www.linkedin.com/in/alejandro-morales-controller-169,Alejandro,Morales,London Accounting Partners,Contralor Financiero Corporativo (CPA),controller.alejandro.morales169@guzmanpartners.cr,España / Latam
https://www.linkedin.com/in/henry-moore-controller-170,Henry,Moore,Contraloria Central SV,Senior Financial Controller & Accounting Head,controller.henry.moore170@alvaradoholdings.sv,Estados Unidos / Europa
https://www.linkedin.com/in/fernando-guzman-controller-171,Fernando,Guzman,Accounting & Tax Advisors MX,Contralor Financiero Corporativo (CPA),controller.fernando.guzman171@vargasretail.co,España / Latam
https://www.linkedin.com/in/arthur-weber-controller-172,Arthur,Weber,Nordic Controllers AS,Senior Financial Controller & Accounting Head,controller.arthur.weber172@delgadogroup.cl,Estados Unidos / Europa
https://www.linkedin.com/in/andres-ramirez-controller-173,Andres,Ramirez,Capital Finance Group,Contralor Financiero Corporativo (CPA),controller.andres.ramirez173@vertextrading.de,España / Latam
https://www.linkedin.com/in/noah-smith-controller-174,Noah,Smith,London Accounting Partners,Senior Financial Controller & Accounting Head,controller.noah.smith174@guzmanpartners.cr,Estados Unidos / Europa
https://www.linkedin.com/in/gonzalo-morales-controller-175,Gonzalo,Morales,Contraloria Central SV,Contralor Financiero Corporativo (CPA),controller.gonzalo.morales175@alvaradoholdings.sv,España / Latam
https://www.linkedin.com/in/stefan-moore-controller-176,Stefan,Moore,Accounting & Tax Advisors MX,Senior Financial Controller & Accounting Head,controller.stefan.moore176@vargasretail.co,Estados Unidos / Europa
https://www.linkedin.com/in/catalina-guzman-controller-177,Catalina,Guzman,Nordic Controllers AS,Contralor Financiero Corporativo (CPA),controller.catalina.guzman177@delgadogroup.cl,España / Latam
https://www.linkedin.com/in/isabelle-weber-controller-178,Isabelle,Weber,Capital Finance Group,Senior Financial Controller & Accounting Head,controller.isabelle.weber178@vertextrading.de,Estados Unidos / Europa
https://www.linkedin.com/in/adriana-ramirez-controller-179,Adriana,Ramirez,London Accounting Partners,Contralor Financiero Corporativo (CPA),controller.adriana.ramirez179@guzmanpartners.cr,España / Latam
https://www.linkedin.com/in/alexander-smith-controller-180,Alexander,Smith,Contraloria Central SV,Senior Financial Controller & Accounting Head,controller.alexander.smith180@alvaradoholdings.sv,Estados Unidos / Europa
https://www.linkedin.com/in/roberto-morales-controller-181,Roberto,Morales,Accounting & Tax Advisors MX,Contralor Financiero Corporativo (CPA),controller.roberto.morales181@vargasretail.co,España / Latam
https://www.linkedin.com/in/oliver-moore-controller-182,Oliver,Moore,Nordic Controllers AS,Senior Financial Controller & Accounting Head,controller.oliver.moore182@delgadogroup.cl,Estados Unidos / Europa
https://www.linkedin.com/in/mateo-guzman-controller-183,Mateo,Guzman,Capital Finance Group,Contralor Financiero Corporativo (CPA),controller.mateo.guzman183@vertextrading.de,España / Latam
https://www.linkedin.com/in/benjamin-weber-controller-184,Benjamin,Weber,London Accounting Partners,Senior Financial Controller & Accounting Head,controller.benjamin.weber184@guzmanpartners.cr,Estados Unidos / Europa
https://www.linkedin.com/in/diego-ramirez-controller-185,Diego,Ramirez,Contraloria Central SV,Contralor Financiero Corporativo (CPA),controller.diego.ramirez185@alvaradoholdings.sv,España / Latam
https://www.linkedin.com/in/sebastian-smith-controller-186,Sebastian,Smith,Accounting & Tax Advisors MX,Senior Financial Controller & Accounting Head,controller.sebastian.smith186@vargasretail.co,Estados Unidos / Europa
https://www.linkedin.com/in/gabriel-morales-controller-187,Gabriel,Morales,Nordic Controllers AS,Contralor Financiero Corporativo (CPA),controller.gabriel.morales187@delgadogroup.cl,España / Latam
https://www.linkedin.com/in/liam-moore-controller-188,Liam,Moore,Capital Finance Group,Senior Financial Controller & Accounting Head,controller.liam.moore188@vertextrading.de,Estados Unidos / Europa
https://www.linkedin.com/in/rodrigo-guzman-controller-189,Rodrigo,Guzman,London Accounting Partners,Contralor Financiero Corporativo (CPA),controller.rodrigo.guzman189@guzmanpartners.cr,España / Latam
https://www.linkedin.com/in/thomas-weber-controller-190,Thomas,Weber,Contraloria Central SV,Senior Financial Controller & Accounting Head,controller.thomas.weber190@alvaradoholdings.sv,Estados Unidos / Europa
https://www.linkedin.com/in/esteban-ramirez-controller-191,Esteban,Ramirez,Accounting & Tax Advisors MX,Contralor Financiero Corporativo (CPA),controller.esteban.ramirez191@vargasretail.co,España / Latam
https://www.linkedin.com/in/astrid-smith-controller-192,Astrid,Smith,Nordic Controllers AS,Senior Financial Controller & Accounting Head,controller.astrid.smith192@delgadogroup.cl,Estados Unidos / Europa
https://www.linkedin.com/in/lorena-morales-controller-193,Lorena,Morales,Capital Finance Group,Contralor Financiero Corporativo (CPA),controller.lorena.morales193@vertextrading.de,España / Latam
https://www.linkedin.com/in/hans-moore-controller-194,Hans,Moore,London Accounting Partners,Senior Financial Controller & Accounting Head,controller.hans.moore194@guzmanpartners.cr,Estados Unidos / Europa
https://www.linkedin.com/in/carlos-guzman-controller-195,Carlos,Guzman,Contraloria Central SV,Contralor Financiero Corporativo (CPA),controller.carlos.guzman195@alvaradoholdings.sv,España / Latam
https://www.linkedin.com/in/william-weber-controller-196,William,Weber,Accounting & Tax Advisors MX,Senior Financial Controller & Accounting Head,controller.william.weber196@vargasretail.co,Estados Unidos / Europa
https://www.linkedin.com/in/javier-ramirez-controller-197,Javier,Ramirez,Nordic Controllers AS,Contralor Financiero Corporativo (CPA),controller.javier.ramirez197@delgadogroup.cl,España / Latam
https://www.linkedin.com/in/lucas-smith-controller-198,Lucas,Smith,Capital Finance Group,Senior Financial Controller & Accounting Head,controller.lucas.smith198@vertextrading.de,Estados Unidos / Europa
https://www.linkedin.com/in/alejandro-morales-controller-199,Alejandro,Morales,London Accounting Partners,Contralor Financiero Corporativo (CPA),controller.alejandro.morales199@guzmanpartners.cr,España / Latam
https://www.linkedin.com/in/henry-moore-controller-200,Henry,Moore,Contraloria Central SV,Senior Financial Controller & Accounting Head,controller.henry.moore200@alvaradoholdings.sv,Estados Unidos / Europa
https://www.linkedin.com/in/fernando-guzman-controller-201,Fernando,Guzman,Accounting & Tax Advisors MX,Contralor Financiero Corporativo (CPA),controller.fernando.guzman201@vargasretail.co,España / Latam
https://www.linkedin.com/in/arthur-weber-controller-202,Arthur,Weber,Nordic Controllers AS,Senior Financial Controller & Accounting Head,controller.arthur.weber202@delgadogroup.cl,Estados Unidos / Europa
https://www.linkedin.com/in/andres-ramirez-controller-203,Andres,Ramirez,Capital Finance Group,Contralor Financiero Corporativo (CPA),controller.andres.ramirez203@vertextrading.de,España / Latam
https://www.linkedin.com/in/noah-smith-controller-204,Noah,Smith,London Accounting Partners,Senior Financial Controller & Accounting Head,controller.noah.smith204@guzmanpartners.cr,Estados Unidos / Europa
https://www.linkedin.com/in/gonzalo-morales-controller-205,Gonzalo,Morales,Contraloria Central SV,Contralor Financiero Corporativo (CPA),controller.gonzalo.morales205@alvaradoholdings.sv,España / Latam
https://www.linkedin.com/in/stefan-moore-controller-206,Stefan,Moore,Accounting & Tax Advisors MX,Senior Financial Controller & Accounting Head,controller.stefan.moore206@vargasretail.co,Estados Unidos / Europa
https://www.linkedin.com/in/catalina-guzman-controller-207,Catalina,Guzman,Nordic Controllers AS,Contralor Financiero Corporativo (CPA),controller.catalina.guzman207@delgadogroup.cl,España / Latam
https://www.linkedin.com/in/isabelle-weber-controller-208,Isabelle,Weber,Capital Finance Group,Senior Financial Controller & Accounting Head,controller.isabelle.weber208@vertextrading.de,Estados Unidos / Europa
https://www.linkedin.com/in/adriana-ramirez-controller-209,Adriana,Ramirez,London Accounting Partners,Contralor Financiero Corporativo (CPA),controller.adriana.ramirez209@guzmanpartners.cr,España / Latam
https://www.linkedin.com/in/alexander-smith-controller-210,Alexander,Smith,Contraloria Central SV,Senior Financial Controller & Accounting Head,controller.alexander.smith210@alvaradoholdings.sv,Estados Unidos / Europa
https://www.linkedin.com/in/roberto-morales-controller-211,Roberto,Morales,Accounting & Tax Advisors MX,Contralor Financiero Corporativo (CPA),controller.roberto.morales211@vargasretail.co,España / Latam
https://www.linkedin.com/in/oliver-moore-controller-212,Oliver,Moore,Nordic Controllers AS,Senior Financial Controller & Accounting Head,controller.oliver.moore212@delgadogroup.cl,Estados Unidos / Europa
https://www.linkedin.com/in/mateo-guzman-controller-213,Mateo,Guzman,Capital Finance Group,Contralor Financiero Corporativo (CPA),controller.mateo.guzman213@vertextrading.de,España / Latam
https://www.linkedin.com/in/benjamin-weber-controller-214,Benjamin,Weber,London Accounting Partners,Senior Financial Controller & Accounting Head,controller.benjamin.weber214@guzmanpartners.cr,Estados Unidos / Europa
https://www.linkedin.com/in/diego-ramirez-controller-215,Diego,Ramirez,Contraloria Central SV,Contralor Financiero Corporativo (CPA),controller.diego.ramirez215@alvaradoholdings.sv,España / Latam
https://www.linkedin.com/in/sebastian-smith-controller-216,Sebastian,Smith,Accounting & Tax Advisors MX,Senior Financial Controller & Accounting Head,controller.sebastian.smith216@vargasretail.co,Estados Unidos / Europa
https://www.linkedin.com/in/gabriel-morales-controller-217,Gabriel,Morales,Nordic Controllers AS,Contralor Financiero Corporativo (CPA),controller.gabriel.morales217@delgadogroup.cl,España / Latam
https://www.linkedin.com/in/liam-moore-controller-218,Liam,Moore,Capital Finance Group,Senior Financial Controller & Accounting Head,controller.liam.moore218@vertextrading.de,Estados Unidos / Europa
https://www.linkedin.com/in/rodrigo-guzman-controller-219,Rodrigo,Guzman,London Accounting Partners,Contralor Financiero Corporativo (CPA),controller.rodrigo.guzman219@guzmanpartners.cr,España / Latam
https://www.linkedin.com/in/thomas-weber-controller-220,Thomas,Weber,Contraloria Central SV,Senior Financial Controller & Accounting Head,controller.thomas.weber220@alvaradoholdings.sv,Estados Unidos / Europa
https://www.linkedin.com/in/esteban-ramirez-controller-221,Esteban,Ramirez,Accounting & Tax Advisors MX,Contralor Financiero Corporativo (CPA),controller.esteban.ramirez221@vargasretail.co,España / Latam
https://www.linkedin.com/in/astrid-smith-controller-222,Astrid,Smith,Nordic Controllers AS,Senior Financial Controller & Accounting Head,controller.astrid.smith222@delgadogroup.cl,Estados Unidos / Europa
https://www.linkedin.com/in/lorena-morales-controller-223,Lorena,Morales,Capital Finance Group,Contralor Financiero Corporativo (CPA),controller.lorena.morales223@vertextrading.de,España / Latam
https://www.linkedin.com/in/hans-moore-controller-224,Hans,Moore,London Accounting Partners,Senior Financial Controller & Accounting Head,controller.hans.moore224@guzmanpartners.cr,Estados Unidos / Europa
https://www.linkedin.com/in/carlos-guzman-controller-225,Carlos,Guzman,Contraloria Central SV,Contralor Financiero Corporativo (CPA),controller.carlos.guzman225@alvaradoholdings.sv,España / Latam
https://www.linkedin.com/in/william-weber-controller-226,William,Weber,Accounting & Tax Advisors MX,Senior Financial Controller & Accounting Head,controller.william.weber226@vargasretail.co,Estados Unidos / Europa
https://www.linkedin.com/in/javier-ramirez-controller-227,Javier,Ramirez,Nordic Controllers AS,Contralor Financiero Corporativo (CPA),controller.javier.ramirez227@delgadogroup.cl,España / Latam
https://www.linkedin.com/in/lucas-smith-controller-228,Lucas,Smith,Capital Finance Group,Senior Financial Controller & Accounting Head,controller.lucas.smith228@vertextrading.de,Estados Unidos / Europa
https://www.linkedin.com/in/alejandro-morales-controller-229,Alejandro,Morales,London Accounting Partners,Contralor Financiero Corporativo (CPA),controller.alejandro.morales229@guzmanpartners.cr,España / Latam
https://www.linkedin.com/in/henry-moore-controller-230,Henry,Moore,Contraloria Central SV,Senior Financial Controller & Accounting Head,controller.henry.moore230@alvaradoholdings.sv,Estados Unidos / Europa
https://www.linkedin.com/in/fernando-guzman-controller-231,Fernando,Guzman,Accounting & Tax Advisors MX,Contralor Financiero Corporativo (CPA),controller.fernando.guzman231@vargasretail.co,España / Latam
https://www.linkedin.com/in/arthur-weber-controller-232,Arthur,Weber,Nordic Controllers AS,Senior Financial Controller & Accounting Head,controller.arthur.weber232@delgadogroup.cl,Estados Unidos / Europa
https://www.linkedin.com/in/andres-ramirez-controller-233,Andres,Ramirez,Capital Finance Group,Contralor Financiero Corporativo (CPA),controller.andres.ramirez233@vertextrading.de,España / Latam
https://www.linkedin.com/in/noah-smith-controller-234,Noah,Smith,London Accounting Partners,Senior Financial Controller & Accounting Head,controller.noah.smith234@guzmanpartners.cr,Estados Unidos / Europa
https://www.linkedin.com/in/gonzalo-morales-controller-235,Gonzalo,Morales,Contraloria Central SV,Contralor Financiero Corporativo (CPA),controller.gonzalo.morales235@alvaradoholdings.sv,España / Latam
https://www.linkedin.com/in/stefan-moore-controller-236,Stefan,Moore,Accounting & Tax Advisors MX,Senior Financial Controller & Accounting Head,controller.stefan.moore236@vargasretail.co,Estados Unidos / Europa
https://www.linkedin.com/in/catalina-guzman-controller-237,Catalina,Guzman,Nordic Controllers AS,Contralor Financiero Corporativo (CPA),controller.catalina.guzman237@delgadogroup.cl,España / Latam
https://www.linkedin.com/in/isabelle-weber-controller-238,Isabelle,Weber,Capital Finance Group,Senior Financial Controller & Accounting Head,controller.isabelle.weber238@vertextrading.de,Estados Unidos / Europa
https://www.linkedin.com/in/adriana-ramirez-controller-239,Adriana,Ramirez,London Accounting Partners,Contralor Financiero Corporativo (CPA),controller.adriana.ramirez239@guzmanpartners.cr,España / Latam
https://www.linkedin.com/in/alexander-smith-controller-240,Alexander,Smith,Contraloria Central SV,Senior Financial Controller & Accounting Head,controller.alexander.smith240@alvaradoholdings.sv,Estados Unidos / Europa
https://www.linkedin.com/in/roberto-morales-controller-241,Roberto,Morales,Accounting & Tax Advisors MX,Contralor Financiero Corporativo (CPA),controller.roberto.morales241@vargasretail.co,España / Latam
https://www.linkedin.com/in/oliver-moore-controller-242,Oliver,Moore,Nordic Controllers AS,Senior Financial Controller & Accounting Head,controller.oliver.moore242@delgadogroup.cl,Estados Unidos / Europa
https://www.linkedin.com/in/mateo-guzman-controller-243,Mateo,Guzman,Capital Finance Group,Contralor Financiero Corporativo (CPA),controller.mateo.guzman243@vertextrading.de,España / Latam
https://www.linkedin.com/in/benjamin-weber-controller-244,Benjamin,Weber,London Accounting Partners,Senior Financial Controller & Accounting Head,controller.benjamin.weber244@guzmanpartners.cr,Estados Unidos / Europa
https://www.linkedin.com/in/diego-ramirez-controller-245,Diego,Ramirez,Contraloria Central SV,Contralor Financiero Corporativo (CPA),controller.diego.ramirez245@alvaradoholdings.sv,España / Latam
https://www.linkedin.com/in/sebastian-smith-controller-246,Sebastian,Smith,Accounting & Tax Advisors MX,Senior Financial Controller & Accounting Head,controller.sebastian.smith246@vargasretail.co,Estados Unidos / Europa
https://www.linkedin.com/in/gabriel-morales-controller-247,Gabriel,Morales,Nordic Controllers AS,Contralor Financiero Corporativo (CPA),controller.gabriel.morales247@delgadogroup.cl,España / Latam
https://www.linkedin.com/in/liam-moore-controller-248,Liam,Moore,Capital Finance Group,Senior Financial Controller & Accounting Head,controller.liam.moore248@vertextrading.de,Estados Unidos / Europa
https://www.linkedin.com/in/rodrigo-guzman-controller-249,Rodrigo,Guzman,London Accounting Partners,Contralor Financiero Corporativo (CPA),controller.rodrigo.guzman249@guzmanpartners.cr,España / Latam
https://www.linkedin.com/in/thomas-weber-controller-250,Thomas,Weber,Contraloria Central SV,Senior Financial Controller & Accounting Head,controller.thomas.weber250@alvaradoholdings.sv,Estados Unidos / Europa
https://www.linkedin.com/in/gabriel-castillo-auditpartner-251,Gabriel,Castillo,KPMG Corporate Audit,Socio de Auditoria & Aseguramiento (Audit Partner),audit.gabriel.castillo251@cisneroslogistics.co,España / Latam
https://www.linkedin.com/in/noah-martin-auditpartner-252,Noah,Martin,Crowe Horwath Audit,Managing Audit Partner - PCAOB / IFRS Compliance,audit.noah.martin252@vargasretail.co,Estados Unidos / Europa
https://www.linkedin.com/in/esteban-jimenez-auditpartner-253,Esteban,Jimenez,Nordic Audit Partners,Socio de Auditoria & Aseguramiento (Audit Partner),audit.esteban.jimenez253@bermudezcapital.mx,España / Latam
https://www.linkedin.com/in/isabelle-hoffmann-auditpartner-254,Isabelle,Hoffmann,EY Forensic & Assurance,Managing Audit Partner - PCAOB / IFRS Compliance,audit.isabelle.hoffmann254@mendozacorp.sv,Estados Unidos / Europa
https://www.linkedin.com/in/carlos-mendoza-auditpartner-255,Carlos,Mendoza,Grant Thornton Assurance,Socio de Auditoria & Aseguramiento (Audit Partner),audit.carlos.mendoza255@alvaradoholdings.sv,España / Latam
https://www.linkedin.com/in/oliver-davis-auditpartner-256,Oliver,Davis,Firma de Auditoria Central,Managing Audit Partner - PCAOB / IFRS Compliance,audit.oliver.davis256@herreratrade.pa,Estados Unidos / Europa
https://www.linkedin.com/in/alejandro-delgado-auditpartner-257,Alejandro,Delgado,PwC Financial Audit,Socio de Auditoria & Aseguramiento (Audit Partner),audit.alejandro.delgado257@finanzeprova.it,España / Latam
https://www.linkedin.com/in/sebastian-schneider-auditpartner-258,Sebastian,Schneider,BDO Auditores Consultores,Managing Audit Partner - PCAOB / IFRS Compliance,audit.sebastian.schneider258@guzmanpartners.cr,Estados Unidos / Europa
https://www.linkedin.com/in/andres-quezada-auditpartner-259,Andres,Quezada,Baker Tilly International,Socio de Auditoria & Aseguramiento (Audit Partner),audit.andres.quezada259@nordiclogistics.se,España / Latam
https://www.linkedin.com/in/thomas-smith-auditpartner-260,Thomas,Smith,Deloitte Audit & Assurance,Managing Audit Partner - PCAOB / IFRS Compliance,audit.thomas.smith260@fuentesindustries.gt,Estados Unidos / Europa
https://www.linkedin.com/in/catalina-castillo-auditpartner-261,Catalina,Castillo,KPMG Corporate Audit,Socio de Auditoria & Aseguramiento (Audit Partner),audit.catalina.castillo261@vertextrading.de,España / Latam
https://www.linkedin.com/in/hans-martin-auditpartner-262,Hans,Martin,Crowe Horwath Audit,Managing Audit Partner - PCAOB / IFRS Compliance,audit.hans.martin262@escobarenterprise.pe,Estados Unidos / Europa
https://www.linkedin.com/in/roberto-jimenez-auditpartner-263,Roberto,Jimenez,Nordic Audit Partners,Socio de Auditoria & Aseguramiento (Audit Partner),audit.roberto.jimenez263@lombardcapital.ch,España / Latam
https://www.linkedin.com/in/lucas-hoffmann-auditpartner-264,Lucas,Hoffmann,EY Forensic & Assurance,Managing Audit Partner - PCAOB / IFRS Compliance,audit.lucas.hoffmann264@delgadogroup.cl,Estados Unidos / Europa
https://www.linkedin.com/in/diego-mendoza-auditpartner-265,Diego,Mendoza,Grant Thornton Assurance,Socio de Auditoria & Aseguramiento (Audit Partner),audit.diego.mendoza265@apexglobal.co.uk,España / Latam
https://www.linkedin.com/in/arthur-davis-auditpartner-266,Arthur,Davis,Firma de Auditoria Central,Managing Audit Partner - PCAOB / IFRS Compliance,audit.arthur.davis266@cisneroslogistics.co,Estados Unidos / Europa
https://www.linkedin.com/in/rodrigo-delgado-auditpartner-267,Rodrigo,Delgado,PwC Financial Audit,Socio de Auditoria & Aseguramiento (Audit Partner),audit.rodrigo.delgado267@vargasretail.co,España / Latam
https://www.linkedin.com/in/stefan-schneider-auditpartner-268,Stefan,Schneider,BDO Auditores Consultores,Managing Audit Partner - PCAOB / IFRS Compliance,audit.stefan.schneider268@bermudezcapital.mx,Estados Unidos / Europa
https://www.linkedin.com/in/lorena-quezada-auditpartner-269,Lorena,Quezada,Baker Tilly International,Socio de Auditoria & Aseguramiento (Audit Partner),audit.lorena.quezada269@mendozacorp.sv,España / Latam
https://www.linkedin.com/in/alexander-smith-auditpartner-270,Alexander,Smith,Deloitte Audit & Assurance,Managing Audit Partner - PCAOB / IFRS Compliance,audit.alexander.smith270@alvaradoholdings.sv,Estados Unidos / Europa
https://www.linkedin.com/in/javier-castillo-auditpartner-271,Javier,Castillo,KPMG Corporate Audit,Socio de Auditoria & Aseguramiento (Audit Partner),audit.javier.castillo271@herreratrade.pa,España / Latam
https://www.linkedin.com/in/benjamin-martin-auditpartner-272,Benjamin,Martin,Crowe Horwath Audit,Managing Audit Partner - PCAOB / IFRS Compliance,audit.benjamin.martin272@finanzeprova.it,Estados Unidos / Europa
https://www.linkedin.com/in/fernando-jimenez-auditpartner-273,Fernando,Jimenez,Nordic Audit Partners,Socio de Auditoria & Aseguramiento (Audit Partner),audit.fernando.jimenez273@guzmanpartners.cr,España / Latam
https://www.linkedin.com/in/liam-hoffmann-auditpartner-274,Liam,Hoffmann,EY Forensic & Assurance,Managing Audit Partner - PCAOB / IFRS Compliance,audit.liam.hoffmann274@nordiclogistics.se,Estados Unidos / Europa
https://www.linkedin.com/in/gonzalo-mendoza-auditpartner-275,Gonzalo,Mendoza,Grant Thornton Assurance,Socio de Auditoria & Aseguramiento (Audit Partner),audit.gonzalo.mendoza275@fuentesindustries.gt,España / Latam
https://www.linkedin.com/in/astrid-davis-auditpartner-276,Astrid,Davis,Firma de Auditoria Central,Managing Audit Partner - PCAOB / IFRS Compliance,audit.astrid.davis276@vertextrading.de,Estados Unidos / Europa
https://www.linkedin.com/in/adriana-delgado-auditpartner-277,Adriana,Delgado,PwC Financial Audit,Socio de Auditoria & Aseguramiento (Audit Partner),audit.adriana.delgado277@escobarenterprise.pe,España / Latam
https://www.linkedin.com/in/william-schneider-auditpartner-278,William,Schneider,BDO Auditores Consultores,Managing Audit Partner - PCAOB / IFRS Compliance,audit.william.schneider278@lombardcapital.ch,Estados Unidos / Europa
https://www.linkedin.com/in/mateo-quezada-auditpartner-279,Mateo,Quezada,Baker Tilly International,Socio de Auditoria & Aseguramiento (Audit Partner),audit.mateo.quezada279@delgadogroup.cl,España / Latam
https://www.linkedin.com/in/henry-smith-auditpartner-280,Henry,Smith,Deloitte Audit & Assurance,Managing Audit Partner - PCAOB / IFRS Compliance,audit.henry.smith280@apexglobal.co.uk,Estados Unidos / Europa
https://www.linkedin.com/in/gabriel-castillo-auditpartner-281,Gabriel,Castillo,KPMG Corporate Audit,Socio de Auditoria & Aseguramiento (Audit Partner),audit.gabriel.castillo281@cisneroslogistics.co,España / Latam
https://www.linkedin.com/in/noah-martin-auditpartner-282,Noah,Martin,Crowe Horwath Audit,Managing Audit Partner - PCAOB / IFRS Compliance,audit.noah.martin282@vargasretail.co,Estados Unidos / Europa
https://www.linkedin.com/in/esteban-jimenez-auditpartner-283,Esteban,Jimenez,Nordic Audit Partners,Socio de Auditoria & Aseguramiento (Audit Partner),audit.esteban.jimenez283@bermudezcapital.mx,España / Latam
https://www.linkedin.com/in/isabelle-hoffmann-auditpartner-284,Isabelle,Hoffmann,EY Forensic & Assurance,Managing Audit Partner - PCAOB / IFRS Compliance,audit.isabelle.hoffmann284@mendozacorp.sv,Estados Unidos / Europa
https://www.linkedin.com/in/carlos-mendoza-auditpartner-285,Carlos,Mendoza,Grant Thornton Assurance,Socio de Auditoria & Aseguramiento (Audit Partner),audit.carlos.mendoza285@alvaradoholdings.sv,España / Latam
https://www.linkedin.com/in/oliver-davis-auditpartner-286,Oliver,Davis,Firma de Auditoria Central,Managing Audit Partner - PCAOB / IFRS Compliance,audit.oliver.davis286@herreratrade.pa,Estados Unidos / Europa
https://www.linkedin.com/in/alejandro-delgado-auditpartner-287,Alejandro,Delgado,PwC Financial Audit,Socio de Auditoria & Aseguramiento (Audit Partner),audit.alejandro.delgado287@finanzeprova.it,España / Latam
https://www.linkedin.com/in/sebastian-schneider-auditpartner-288,Sebastian,Schneider,BDO Auditores Consultores,Managing Audit Partner - PCAOB / IFRS Compliance,audit.sebastian.schneider288@guzmanpartners.cr,Estados Unidos / Europa
https://www.linkedin.com/in/andres-quezada-auditpartner-289,Andres,Quezada,Baker Tilly International,Socio de Auditoria & Aseguramiento (Audit Partner),audit.andres.quezada289@nordiclogistics.se,España / Latam
https://www.linkedin.com/in/thomas-smith-auditpartner-290,Thomas,Smith,Deloitte Audit & Assurance,Managing Audit Partner - PCAOB / IFRS Compliance,audit.thomas.smith290@fuentesindustries.gt,Estados Unidos / Europa
https://www.linkedin.com/in/catalina-castillo-auditpartner-291,Catalina,Castillo,KPMG Corporate Audit,Socio de Auditoria & Aseguramiento (Audit Partner),audit.catalina.castillo291@vertextrading.de,España / Latam
https://www.linkedin.com/in/hans-martin-auditpartner-292,Hans,Martin,Crowe Horwath Audit,Managing Audit Partner - PCAOB / IFRS Compliance,audit.hans.martin292@escobarenterprise.pe,Estados Unidos / Europa
https://www.linkedin.com/in/roberto-jimenez-auditpartner-293,Roberto,Jimenez,Nordic Audit Partners,Socio de Auditoria & Aseguramiento (Audit Partner),audit.roberto.jimenez293@lombardcapital.ch,España / Latam
https://www.linkedin.com/in/lucas-hoffmann-auditpartner-294,Lucas,Hoffmann,EY Forensic & Assurance,Managing Audit Partner - PCAOB / IFRS Compliance,audit.lucas.hoffmann294@delgadogroup.cl,Estados Unidos / Europa
https://www.linkedin.com/in/diego-mendoza-auditpartner-295,Diego,Mendoza,Grant Thornton Assurance,Socio de Auditoria & Aseguramiento (Audit Partner),audit.diego.mendoza295@apexglobal.co.uk,España / Latam
https://www.linkedin.com/in/arthur-davis-auditpartner-296,Arthur,Davis,Firma de Auditoria Central,Managing Audit Partner - PCAOB / IFRS Compliance,audit.arthur.davis296@cisneroslogistics.co,Estados Unidos / Europa
https://www.linkedin.com/in/rodrigo-delgado-auditpartner-297,Rodrigo,Delgado,PwC Financial Audit,Socio de Auditoria & Aseguramiento (Audit Partner),audit.rodrigo.delgado297@vargasretail.co,España / Latam
https://www.linkedin.com/in/stefan-schneider-auditpartner-298,Stefan,Schneider,BDO Auditores Consultores,Managing Audit Partner - PCAOB / IFRS Compliance,audit.stefan.schneider298@bermudezcapital.mx,Estados Unidos / Europa
https://www.linkedin.com/in/lorena-quezada-auditpartner-299,Lorena,Quezada,Baker Tilly International,Socio de Auditoria & Aseguramiento (Audit Partner),audit.lorena.quezada299@mendozacorp.sv,España / Latam
https://www.linkedin.com/in/alexander-smith-auditpartner-300,Alexander,Smith,Deloitte Audit & Assurance,Managing Audit Partner - PCAOB / IFRS Compliance,audit.alexander.smith300@alvaradoholdings.sv,Estados Unidos / Europa
https://www.linkedin.com/in/javier-castillo-auditpartner-301,Javier,Castillo,KPMG Corporate Audit,Socio de Auditoria & Aseguramiento (Audit Partner),audit.javier.castillo301@herreratrade.pa,España / Latam
https://www.linkedin.com/in/benjamin-martin-auditpartner-302,Benjamin,Martin,Crowe Horwath Audit,Managing Audit Partner - PCAOB / IFRS Compliance,audit.benjamin.martin302@finanzeprova.it,Estados Unidos / Europa
https://www.linkedin.com/in/fernando-jimenez-auditpartner-303,Fernando,Jimenez,Nordic Audit Partners,Socio de Auditoria & Aseguramiento (Audit Partner),audit.fernando.jimenez303@guzmanpartners.cr,España / Latam
https://www.linkedin.com/in/liam-hoffmann-auditpartner-304,Liam,Hoffmann,EY Forensic & Assurance,Managing Audit Partner - PCAOB / IFRS Compliance,audit.liam.hoffmann304@nordiclogistics.se,Estados Unidos / Europa
https://www.linkedin.com/in/gonzalo-mendoza-auditpartner-305,Gonzalo,Mendoza,Grant Thornton Assurance,Socio de Auditoria & Aseguramiento (Audit Partner),audit.gonzalo.mendoza305@fuentesindustries.gt,España / Latam
https://www.linkedin.com/in/astrid-davis-auditpartner-306,Astrid,Davis,Firma de Auditoria Central,Managing Audit Partner - PCAOB / IFRS Compliance,audit.astrid.davis306@vertextrading.de,Estados Unidos / Europa
https://www.linkedin.com/in/adriana-delgado-auditpartner-307,Adriana,Delgado,PwC Financial Audit,Socio de Auditoria & Aseguramiento (Audit Partner),audit.adriana.delgado307@escobarenterprise.pe,España / Latam
https://www.linkedin.com/in/william-schneider-auditpartner-308,William,Schneider,BDO Auditores Consultores,Managing Audit Partner - PCAOB / IFRS Compliance,audit.william.schneider308@lombardcapital.ch,Estados Unidos / Europa
https://www.linkedin.com/in/mateo-quezada-auditpartner-309,Mateo,Quezada,Baker Tilly International,Socio de Auditoria & Aseguramiento (Audit Partner),audit.mateo.quezada309@delgadogroup.cl,España / Latam
https://www.linkedin.com/in/henry-smith-auditpartner-310,Henry,Smith,Deloitte Audit & Assurance,Managing Audit Partner - PCAOB / IFRS Compliance,audit.henry.smith310@apexglobal.co.uk,Estados Unidos / Europa
https://www.linkedin.com/in/gabriel-castillo-auditpartner-311,Gabriel,Castillo,KPMG Corporate Audit,Socio de Auditoria & Aseguramiento (Audit Partner),audit.gabriel.castillo311@cisneroslogistics.co,España / Latam
https://www.linkedin.com/in/noah-martin-auditpartner-312,Noah,Martin,Crowe Horwath Audit,Managing Audit Partner - PCAOB / IFRS Compliance,audit.noah.martin312@vargasretail.co,Estados Unidos / Europa
https://www.linkedin.com/in/esteban-jimenez-auditpartner-313,Esteban,Jimenez,Nordic Audit Partners,Socio de Auditoria & Aseguramiento (Audit Partner),audit.esteban.jimenez313@bermudezcapital.mx,España / Latam
https://www.linkedin.com/in/isabelle-hoffmann-auditpartner-314,Isabelle,Hoffmann,EY Forensic & Assurance,Managing Audit Partner - PCAOB / IFRS Compliance,audit.isabelle.hoffmann314@mendozacorp.sv,Estados Unidos / Europa
https://www.linkedin.com/in/carlos-mendoza-auditpartner-315,Carlos,Mendoza,Grant Thornton Assurance,Socio de Auditoria & Aseguramiento (Audit Partner),audit.carlos.mendoza315@alvaradoholdings.sv,España / Latam
https://www.linkedin.com/in/oliver-davis-auditpartner-316,Oliver,Davis,Firma de Auditoria Central,Managing Audit Partner - PCAOB / IFRS Compliance,audit.oliver.davis316@herreratrade.pa,Estados Unidos / Europa
https://www.linkedin.com/in/alejandro-delgado-auditpartner-317,Alejandro,Delgado,PwC Financial Audit,Socio de Auditoria & Aseguramiento (Audit Partner),audit.alejandro.delgado317@finanzeprova.it,España / Latam
https://www.linkedin.com/in/sebastian-schneider-auditpartner-318,Sebastian,Schneider,BDO Auditores Consultores,Managing Audit Partner - PCAOB / IFRS Compliance,audit.sebastian.schneider318@guzmanpartners.cr,Estados Unidos / Europa
https://www.linkedin.com/in/andres-quezada-auditpartner-319,Andres,Quezada,Baker Tilly International,Socio de Auditoria & Aseguramiento (Audit Partner),audit.andres.quezada319@nordiclogistics.se,España / Latam
https://www.linkedin.com/in/thomas-smith-auditpartner-320,Thomas,Smith,Deloitte Audit & Assurance,Managing Audit Partner - PCAOB / IFRS Compliance,audit.thomas.smith320@fuentesindustries.gt,Estados Unidos / Europa
https://www.linkedin.com/in/catalina-castillo-auditpartner-321,Catalina,Castillo,KPMG Corporate Audit,Socio de Auditoria & Aseguramiento (Audit Partner),audit.catalina.castillo321@vertextrading.de,España / Latam
https://www.linkedin.com/in/hans-martin-auditpartner-322,Hans,Martin,Crowe Horwath Audit,Managing Audit Partner - PCAOB / IFRS Compliance,audit.hans.martin322@escobarenterprise.pe,Estados Unidos / Europa
https://www.linkedin.com/in/roberto-jimenez-auditpartner-323,Roberto,Jimenez,Nordic Audit Partners,Socio de Auditoria & Aseguramiento (Audit Partner),audit.roberto.jimenez323@lombardcapital.ch,España / Latam
https://www.linkedin.com/in/lucas-hoffmann-auditpartner-324,Lucas,Hoffmann,EY Forensic & Assurance,Managing Audit Partner - PCAOB / IFRS Compliance,audit.lucas.hoffmann324@delgadogroup.cl,Estados Unidos / Europa
https://www.linkedin.com/in/diego-mendoza-auditpartner-325,Diego,Mendoza,Grant Thornton Assurance,Socio de Auditoria & Aseguramiento (Audit Partner),audit.diego.mendoza325@apexglobal.co.uk,España / Latam
https://www.linkedin.com/in/arthur-davis-auditpartner-326,Arthur,Davis,Firma de Auditoria Central,Managing Audit Partner - PCAOB / IFRS Compliance,audit.arthur.davis326@cisneroslogistics.co,Estados Unidos / Europa
https://www.linkedin.com/in/rodrigo-delgado-auditpartner-327,Rodrigo,Delgado,PwC Financial Audit,Socio de Auditoria & Aseguramiento (Audit Partner),audit.rodrigo.delgado327@vargasretail.co,España / Latam
https://www.linkedin.com/in/stefan-schneider-auditpartner-328,Stefan,Schneider,BDO Auditores Consultores,Managing Audit Partner - PCAOB / IFRS Compliance,audit.stefan.schneider328@bermudezcapital.mx,Estados Unidos / Europa
https://www.linkedin.com/in/lorena-quezada-auditpartner-329,Lorena,Quezada,Baker Tilly International,Socio de Auditoria & Aseguramiento (Audit Partner),audit.lorena.quezada329@mendozacorp.sv,España / Latam
https://www.linkedin.com/in/alexander-smith-auditpartner-330,Alexander,Smith,Deloitte Audit & Assurance,Managing Audit Partner - PCAOB / IFRS Compliance,audit.alexander.smith330@alvaradoholdings.sv,Estados Unidos / Europa
https://www.linkedin.com/in/javier-castillo-auditpartner-331,Javier,Castillo,KPMG Corporate Audit,Socio de Auditoria & Aseguramiento (Audit Partner),audit.javier.castillo331@herreratrade.pa,España / Latam
https://www.linkedin.com/in/benjamin-martin-auditpartner-332,Benjamin,Martin,Crowe Horwath Audit,Managing Audit Partner - PCAOB / IFRS Compliance,audit.benjamin.martin332@finanzeprova.it,Estados Unidos / Europa
https://www.linkedin.com/in/fernando-jimenez-auditpartner-333,Fernando,Jimenez,Nordic Audit Partners,Socio de Auditoria & Aseguramiento (Audit Partner),audit.fernando.jimenez333@guzmanpartners.cr,España / Latam
https://www.linkedin.com/in/liam-hoffmann-auditpartner-334,Liam,Hoffmann,EY Forensic & Assurance,Managing Audit Partner - PCAOB / IFRS Compliance,audit.liam.hoffmann334@nordiclogistics.se,Estados Unidos / Europa
https://www.linkedin.com/in/gonzalo-mendoza-auditpartner-335,Gonzalo,Mendoza,Grant Thornton Assurance,Socio de Auditoria & Aseguramiento (Audit Partner),audit.gonzalo.mendoza335@fuentesindustries.gt,España / Latam
https://www.linkedin.com/in/astrid-davis-auditpartner-336,Astrid,Davis,Firma de Auditoria Central,Managing Audit Partner - PCAOB / IFRS Compliance,audit.astrid.davis336@vertextrading.de,Estados Unidos / Europa
https://www.linkedin.com/in/adriana-delgado-auditpartner-337,Adriana,Delgado,PwC Financial Audit,Socio de Auditoria & Aseguramiento (Audit Partner),audit.adriana.delgado337@escobarenterprise.pe,España / Latam
https://www.linkedin.com/in/william-schneider-auditpartner-338,William,Schneider,BDO Auditores Consultores,Managing Audit Partner - PCAOB / IFRS Compliance,audit.william.schneider338@lombardcapital.ch,Estados Unidos / Europa
https://www.linkedin.com/in/mateo-quezada-auditpartner-339,Mateo,Quezada,Baker Tilly International,Socio de Auditoria & Aseguramiento (Audit Partner),audit.mateo.quezada339@delgadogroup.cl,España / Latam
https://www.linkedin.com/in/henry-smith-auditpartner-340,Henry,Smith,Deloitte Audit & Assurance,Managing Audit Partner - PCAOB / IFRS Compliance,audit.henry.smith340@apexglobal.co.uk,Estados Unidos / Europa
https://www.linkedin.com/in/gabriel-castillo-auditpartner-341,Gabriel,Castillo,KPMG Corporate Audit,Socio de Auditoria & Aseguramiento (Audit Partner),audit.gabriel.castillo341@cisneroslogistics.co,España / Latam
https://www.linkedin.com/in/noah-martin-auditpartner-342,Noah,Martin,Crowe Horwath Audit,Managing Audit Partner - PCAOB / IFRS Compliance,audit.noah.martin342@vargasretail.co,Estados Unidos / Europa
https://www.linkedin.com/in/esteban-jimenez-auditpartner-343,Esteban,Jimenez,Nordic Audit Partners,Socio de Auditoria & Aseguramiento (Audit Partner),audit.esteban.jimenez343@bermudezcapital.mx,España / Latam
https://www.linkedin.com/in/isabelle-hoffmann-auditpartner-344,Isabelle,Hoffmann,EY Forensic & Assurance,Managing Audit Partner - PCAOB / IFRS Compliance,audit.isabelle.hoffmann344@mendozacorp.sv,Estados Unidos / Europa
https://www.linkedin.com/in/carlos-mendoza-auditpartner-345,Carlos,Mendoza,Grant Thornton Assurance,Socio de Auditoria & Aseguramiento (Audit Partner),audit.carlos.mendoza345@alvaradoholdings.sv,España / Latam
https://www.linkedin.com/in/oliver-davis-auditpartner-346,Oliver,Davis,Firma de Auditoria Central,Managing Audit Partner - PCAOB / IFRS Compliance,audit.oliver.davis346@herreratrade.pa,Estados Unidos / Europa
https://www.linkedin.com/in/alejandro-delgado-auditpartner-347,Alejandro,Delgado,PwC Financial Audit,Socio de Auditoria & Aseguramiento (Audit Partner),audit.alejandro.delgado347@finanzeprova.it,España / Latam
https://www.linkedin.com/in/sebastian-schneider-auditpartner-348,Sebastian,Schneider,BDO Auditores Consultores,Managing Audit Partner - PCAOB / IFRS Compliance,audit.sebastian.schneider348@guzmanpartners.cr,Estados Unidos / Europa
https://www.linkedin.com/in/andres-quezada-auditpartner-349,Andres,Quezada,Baker Tilly International,Socio de Auditoria & Aseguramiento (Audit Partner),audit.andres.quezada349@nordiclogistics.se,España / Latam
https://www.linkedin.com/in/thomas-smith-auditpartner-350,Thomas,Smith,Deloitte Audit & Assurance,Managing Audit Partner - PCAOB / IFRS Compliance,audit.thomas.smith350@fuentesindustries.gt,Estados Unidos / Europa
https://www.linkedin.com/in/catalina-castillo-auditpartner-351,Catalina,Castillo,KPMG Corporate Audit,Socio de Auditoria & Aseguramiento (Audit Partner),audit.catalina.castillo351@vertextrading.de,España / Latam
https://www.linkedin.com/in/hans-martin-auditpartner-352,Hans,Martin,Crowe Horwath Audit,Managing Audit Partner - PCAOB / IFRS Compliance,audit.hans.martin352@escobarenterprise.pe,Estados Unidos / Europa
https://www.linkedin.com/in/roberto-jimenez-auditpartner-353,Roberto,Jimenez,Nordic Audit Partners,Socio de Auditoria & Aseguramiento (Audit Partner),audit.roberto.jimenez353@lombardcapital.ch,España / Latam
https://www.linkedin.com/in/lucas-hoffmann-auditpartner-354,Lucas,Hoffmann,EY Forensic & Assurance,Managing Audit Partner - PCAOB / IFRS Compliance,audit.lucas.hoffmann354@delgadogroup.cl,Estados Unidos / Europa
https://www.linkedin.com/in/diego-mendoza-auditpartner-355,Diego,Mendoza,Grant Thornton Assurance,Socio de Auditoria & Aseguramiento (Audit Partner),audit.diego.mendoza355@apexglobal.co.uk,España / Latam
https://www.linkedin.com/in/arthur-davis-auditpartner-356,Arthur,Davis,Firma de Auditoria Central,Managing Audit Partner - PCAOB / IFRS Compliance,audit.arthur.davis356@cisneroslogistics.co,Estados Unidos / Europa
https://www.linkedin.com/in/rodrigo-delgado-auditpartner-357,Rodrigo,Delgado,PwC Financial Audit,Socio de Auditoria & Aseguramiento (Audit Partner),audit.rodrigo.delgado357@vargasretail.co,España / Latam
https://www.linkedin.com/in/stefan-schneider-auditpartner-358,Stefan,Schneider,BDO Auditores Consultores,Managing Audit Partner - PCAOB / IFRS Compliance,audit.stefan.schneider358@bermudezcapital.mx,Estados Unidos / Europa
https://www.linkedin.com/in/lorena-quezada-auditpartner-359,Lorena,Quezada,Baker Tilly International,Socio de Auditoria & Aseguramiento (Audit Partner),audit.lorena.quezada359@mendozacorp.sv,España / Latam
https://www.linkedin.com/in/alexander-smith-auditpartner-360,Alexander,Smith,Deloitte Audit & Assurance,Managing Audit Partner - PCAOB / IFRS Compliance,audit.alexander.smith360@alvaradoholdings.sv,Estados Unidos / Europa
https://www.linkedin.com/in/javier-castillo-auditpartner-361,Javier,Castillo,KPMG Corporate Audit,Socio de Auditoria & Aseguramiento (Audit Partner),audit.javier.castillo361@herreratrade.pa,España / Latam
https://www.linkedin.com/in/benjamin-martin-auditpartner-362,Benjamin,Martin,Crowe Horwath Audit,Managing Audit Partner - PCAOB / IFRS Compliance,audit.benjamin.martin362@finanzeprova.it,Estados Unidos / Europa
https://www.linkedin.com/in/fernando-jimenez-auditpartner-363,Fernando,Jimenez,Nordic Audit Partners,Socio de Auditoria & Aseguramiento (Audit Partner),audit.fernando.jimenez363@guzmanpartners.cr,España / Latam
https://www.linkedin.com/in/liam-hoffmann-auditpartner-364,Liam,Hoffmann,EY Forensic & Assurance,Managing Audit Partner - PCAOB / IFRS Compliance,audit.liam.hoffmann364@nordiclogistics.se,Estados Unidos / Europa
https://www.linkedin.com/in/gonzalo-mendoza-auditpartner-365,Gonzalo,Mendoza,Grant Thornton Assurance,Socio de Auditoria & Aseguramiento (Audit Partner),audit.gonzalo.mendoza365@fuentesindustries.gt,España / Latam
https://www.linkedin.com/in/astrid-davis-auditpartner-366,Astrid,Davis,Firma de Auditoria Central,Managing Audit Partner - PCAOB / IFRS Compliance,audit.astrid.davis366@vertextrading.de,Estados Unidos / Europa
https://www.linkedin.com/in/adriana-delgado-auditpartner-367,Adriana,Delgado,PwC Financial Audit,Socio de Auditoria & Aseguramiento (Audit Partner),audit.adriana.delgado367@escobarenterprise.pe,España / Latam
https://www.linkedin.com/in/william-schneider-auditpartner-368,William,Schneider,BDO Auditores Consultores,Managing Audit Partner - PCAOB / IFRS Compliance,audit.william.schneider368@lombardcapital.ch,Estados Unidos / Europa
https://www.linkedin.com/in/mateo-quezada-auditpartner-369,Mateo,Quezada,Baker Tilly International,Socio de Auditoria & Aseguramiento (Audit Partner),audit.mateo.quezada369@delgadogroup.cl,España / Latam
https://www.linkedin.com/in/henry-smith-auditpartner-370,Henry,Smith,Deloitte Audit & Assurance,Managing Audit Partner - PCAOB / IFRS Compliance,audit.henry.smith370@apexglobal.co.uk,Estados Unidos / Europa
https://www.linkedin.com/in/gabriel-castillo-auditpartner-371,Gabriel,Castillo,KPMG Corporate Audit,Socio de Auditoria & Aseguramiento (Audit Partner),audit.gabriel.castillo371@cisneroslogistics.co,España / Latam
https://www.linkedin.com/in/noah-martin-auditpartner-372,Noah,Martin,Crowe Horwath Audit,Managing Audit Partner - PCAOB / IFRS Compliance,audit.noah.martin372@vargasretail.co,Estados Unidos / Europa
https://www.linkedin.com/in/esteban-jimenez-auditpartner-373,Esteban,Jimenez,Nordic Audit Partners,Socio de Auditoria & Aseguramiento (Audit Partner),audit.esteban.jimenez373@bermudezcapital.mx,España / Latam
https://www.linkedin.com/in/isabelle-hoffmann-auditpartner-374,Isabelle,Hoffmann,EY Forensic & Assurance,Managing Audit Partner - PCAOB / IFRS Compliance,audit.isabelle.hoffmann374@mendozacorp.sv,Estados Unidos / Europa
https://www.linkedin.com/in/carlos-mendoza-auditpartner-375,Carlos,Mendoza,Grant Thornton Assurance,Socio de Auditoria & Aseguramiento (Audit Partner),audit.carlos.mendoza375@alvaradoholdings.sv,España / Latam
https://www.linkedin.com/in/thomas-anderson-realestate-376,Thomas,Anderson,Desarrollos Comerciales Latam,General Counsel - Commercial Real Estate & Leases,legal.thomas.anderson376@nordiclogistics.se,Estados Unidos / Europa
https://www.linkedin.com/in/mauricio-herrera-realestate-377,Mauricio,Herrera,Logistica Inmobiliaria del Pacifico,Director Legal & Arrendamientos Corporativos,legal.mauricio.herrera377@lombardcapital.ch,España / Latam
https://www.linkedin.com/in/alexander-hoffmann-realestate-378,Alexander,Hoffmann,Manhattan Asset Management,General Counsel - Commercial Real Estate & Leases,legal.alexander.hoffmann378@vargasretail.co,Estados Unidos / Europa
https://www.linkedin.com/in/sofia-silva-realestate-379,Sofia,Silva,Zurich Property Partners,Director Legal & Arrendamientos Corporativos,legal.sofia.silva379@herreratrade.pa,España / Latam
https://www.linkedin.com/in/henry-moore-realestate-380,Henry,Moore,Inmobiliaria Corporativa Central,General Counsel - Commercial Real Estate & Leases,legal.henry.moore380@fuentesindustries.gt,Estados Unidos / Europa
https://www.linkedin.com/in/victoria-jimenez-realestate-381,Victoria,Jimenez,Desarrollos Comerciales Latam,Director Legal & Arrendamientos Corporativos,legal.victoria.jimenez381@delgadogroup.cl,España / Latam
https://www.linkedin.com/in/thomas-jensen-realestate-382,Thomas,Jensen,Logistica Inmobiliaria del Pacifico,General Counsel - Commercial Real Estate & Leases,legal.thomas.jensen382@bermudezcapital.mx,Estados Unidos / Europa
https://www.linkedin.com/in/mauricio-vargas-realestate-383,Mauricio,Vargas,Manhattan Asset Management,Director Legal & Arrendamientos Corporativos,legal.mauricio.vargas383@finanzeprova.it,España / Latam
https://www.linkedin.com/in/alexander-martin-realestate-384,Alexander,Martin,Zurich Property Partners,General Counsel - Commercial Real Estate & Leases,legal.alexander.martin384@vertextrading.de,Estados Unidos / Europa
https://www.linkedin.com/in/sofia-montero-realestate-385,Sofia,Montero,Inmobiliaria Corporativa Central,Director Legal & Arrendamientos Corporativos,legal.sofia.montero385@apexglobal.co.uk,España / Latam
https://www.linkedin.com/in/henry-berg-realestate-386,Henry,Berg,Desarrollos Comerciales Latam,General Counsel - Commercial Real Estate & Leases,legal.henry.berg386@mendozacorp.sv,Estados Unidos / Europa
https://www.linkedin.com/in/victoria-castillo-realestate-387,Victoria,Castillo,Logistica Inmobiliaria del Pacifico,Director Legal & Arrendamientos Corporativos,legal.victoria.castillo387@guzmanpartners.cr,España / Latam
https://www.linkedin.com/in/thomas-walker-realestate-388,Thomas,Walker,Manhattan Asset Management,General Counsel - Commercial Real Estate & Leases,legal.thomas.walker388@escobarenterprise.pe,Estados Unidos / Europa
https://www.linkedin.com/in/mauricio-orellana-realestate-389,Mauricio,Orellana,Zurich Property Partners,Director Legal & Arrendamientos Corporativos,legal.mauricio.orellana389@cisneroslogistics.co,España / Latam
https://www.linkedin.com/in/alexander-smith-realestate-390,Alexander,Smith,Inmobiliaria Corporativa Central,General Counsel - Commercial Real Estate & Leases,legal.alexander.smith390@alvaradoholdings.sv,Estados Unidos / Europa
https://www.linkedin.com/in/sofia-rios-realestate-391,Sofia,Rios,Desarrollos Comerciales Latam,Director Legal & Arrendamientos Corporativos,legal.sofia.rios391@nordiclogistics.se,España / Latam
https://www.linkedin.com/in/henry-schmidt-realestate-392,Henry,Schmidt,Logistica Inmobiliaria del Pacifico,General Counsel - Commercial Real Estate & Leases,legal.henry.schmidt392@lombardcapital.ch,Estados Unidos / Europa
https://www.linkedin.com/in/victoria-quezada-realestate-393,Victoria,Quezada,Manhattan Asset Management,Director Legal & Arrendamientos Corporativos,legal.victoria.quezada393@vargasretail.co,España / Latam
https://www.linkedin.com/in/thomas-williams-realestate-394,Thomas,Williams,Zurich Property Partners,General Counsel - Commercial Real Estate & Leases,legal.thomas.williams394@herreratrade.pa,Estados Unidos / Europa
https://www.linkedin.com/in/mauricio-bermudez-realestate-395,Mauricio,Bermudez,Inmobiliaria Corporativa Central,Director Legal & Arrendamientos Corporativos,legal.mauricio.bermudez395@fuentesindustries.gt,España / Latam
https://www.linkedin.com/in/alexander-schneider-realestate-396,Alexander,Schneider,Desarrollos Comerciales Latam,General Counsel - Commercial Real Estate & Leases,legal.alexander.schneider396@delgadogroup.cl,Estados Unidos / Europa
https://www.linkedin.com/in/sofia-salazar-realestate-397,Sofia,Salazar,Logistica Inmobiliaria del Pacifico,Director Legal & Arrendamientos Corporativos,legal.sofia.salazar397@bermudezcapital.mx,España / Latam
https://www.linkedin.com/in/henry-jones-realestate-398,Henry,Jones,Manhattan Asset Management,General Counsel - Commercial Real Estate & Leases,legal.henry.jones398@finanzeprova.it,Estados Unidos / Europa
https://www.linkedin.com/in/victoria-delgado-realestate-399,Victoria,Delgado,Zurich Property Partners,Director Legal & Arrendamientos Corporativos,legal.victoria.delgado399@vertextrading.de,España / Latam
https://www.linkedin.com/in/thomas-weber-realestate-400,Thomas,Weber,Inmobiliaria Corporativa Central,General Counsel - Commercial Real Estate & Leases,legal.thomas.weber400@apexglobal.co.uk,Estados Unidos / Europa
https://www.linkedin.com/in/mauricio-urrutia-realestate-401,Mauricio,Urrutia,Desarrollos Comerciales Latam,Director Legal & Arrendamientos Corporativos,legal.mauricio.urrutia401@mendozacorp.sv,España / Latam
https://www.linkedin.com/in/alexander-davis-realestate-402,Alexander,Davis,Logistica Inmobiliaria del Pacifico,General Counsel - Commercial Real Estate & Leases,legal.alexander.davis402@guzmanpartners.cr,Estados Unidos / Europa
https://www.linkedin.com/in/sofia-fuentes-realestate-403,Sofia,Fuentes,Manhattan Asset Management,Director Legal & Arrendamientos Corporativos,legal.sofia.fuentes403@escobarenterprise.pe,España / Latam
https://www.linkedin.com/in/henry-wagner-realestate-404,Henry,Wagner,Zurich Property Partners,General Counsel - Commercial Real Estate & Leases,legal.henry.wagner404@cisneroslogistics.co,Estados Unidos / Europa
https://www.linkedin.com/in/victoria-mendoza-realestate-405,Victoria,Mendoza,Inmobiliaria Corporativa Central,Director Legal & Arrendamientos Corporativos,legal.victoria.mendoza405@alvaradoholdings.sv,España / Latam
https://www.linkedin.com/in/thomas-anderson-realestate-406,Thomas,Anderson,Desarrollos Comerciales Latam,General Counsel - Commercial Real Estate & Leases,legal.thomas.anderson406@nordiclogistics.se,Estados Unidos / Europa
https://www.linkedin.com/in/mauricio-herrera-realestate-407,Mauricio,Herrera,Logistica Inmobiliaria del Pacifico,Director Legal & Arrendamientos Corporativos,legal.mauricio.herrera407@lombardcapital.ch,España / Latam
https://www.linkedin.com/in/alexander-hoffmann-realestate-408,Alexander,Hoffmann,Manhattan Asset Management,General Counsel - Commercial Real Estate & Leases,legal.alexander.hoffmann408@vargasretail.co,Estados Unidos / Europa
https://www.linkedin.com/in/sofia-silva-realestate-409,Sofia,Silva,Zurich Property Partners,Director Legal & Arrendamientos Corporativos,legal.sofia.silva409@herreratrade.pa,España / Latam
https://www.linkedin.com/in/henry-moore-realestate-410,Henry,Moore,Inmobiliaria Corporativa Central,General Counsel - Commercial Real Estate & Leases,legal.henry.moore410@fuentesindustries.gt,Estados Unidos / Europa
https://www.linkedin.com/in/victoria-jimenez-realestate-411,Victoria,Jimenez,Desarrollos Comerciales Latam,Director Legal & Arrendamientos Corporativos,legal.victoria.jimenez411@delgadogroup.cl,España / Latam
https://www.linkedin.com/in/thomas-jensen-realestate-412,Thomas,Jensen,Logistica Inmobiliaria del Pacifico,General Counsel - Commercial Real Estate & Leases,legal.thomas.jensen412@bermudezcapital.mx,Estados Unidos / Europa
https://www.linkedin.com/in/mauricio-vargas-realestate-413,Mauricio,Vargas,Manhattan Asset Management,Director Legal & Arrendamientos Corporativos,legal.mauricio.vargas413@finanzeprova.it,España / Latam
https://www.linkedin.com/in/alexander-martin-realestate-414,Alexander,Martin,Zurich Property Partners,General Counsel - Commercial Real Estate & Leases,legal.alexander.martin414@vertextrading.de,Estados Unidos / Europa
https://www.linkedin.com/in/sofia-montero-realestate-415,Sofia,Montero,Inmobiliaria Corporativa Central,Director Legal & Arrendamientos Corporativos,legal.sofia.montero415@apexglobal.co.uk,España / Latam
https://www.linkedin.com/in/henry-berg-realestate-416,Henry,Berg,Desarrollos Comerciales Latam,General Counsel - Commercial Real Estate & Leases,legal.henry.berg416@mendozacorp.sv,Estados Unidos / Europa
https://www.linkedin.com/in/victoria-castillo-realestate-417,Victoria,Castillo,Logistica Inmobiliaria del Pacifico,Director Legal & Arrendamientos Corporativos,legal.victoria.castillo417@guzmanpartners.cr,España / Latam
https://www.linkedin.com/in/thomas-walker-realestate-418,Thomas,Walker,Manhattan Asset Management,General Counsel - Commercial Real Estate & Leases,legal.thomas.walker418@escobarenterprise.pe,Estados Unidos / Europa
https://www.linkedin.com/in/mauricio-orellana-realestate-419,Mauricio,Orellana,Zurich Property Partners,Director Legal & Arrendamientos Corporativos,legal.mauricio.orellana419@cisneroslogistics.co,España / Latam
https://www.linkedin.com/in/alexander-smith-realestate-420,Alexander,Smith,Inmobiliaria Corporativa Central,General Counsel - Commercial Real Estate & Leases,legal.alexander.smith420@alvaradoholdings.sv,Estados Unidos / Europa
https://www.linkedin.com/in/sofia-rios-realestate-421,Sofia,Rios,Desarrollos Comerciales Latam,Director Legal & Arrendamientos Corporativos,legal.sofia.rios421@nordiclogistics.se,España / Latam
https://www.linkedin.com/in/henry-schmidt-realestate-422,Henry,Schmidt,Logistica Inmobiliaria del Pacifico,General Counsel - Commercial Real Estate & Leases,legal.henry.schmidt422@lombardcapital.ch,Estados Unidos / Europa
https://www.linkedin.com/in/victoria-quezada-realestate-423,Victoria,Quezada,Manhattan Asset Management,Director Legal & Arrendamientos Corporativos,legal.victoria.quezada423@vargasretail.co,España / Latam
https://www.linkedin.com/in/thomas-williams-realestate-424,Thomas,Williams,Zurich Property Partners,General Counsel - Commercial Real Estate & Leases,legal.thomas.williams424@herreratrade.pa,Estados Unidos / Europa
https://www.linkedin.com/in/mauricio-bermudez-realestate-425,Mauricio,Bermudez,Inmobiliaria Corporativa Central,Director Legal & Arrendamientos Corporativos,legal.mauricio.bermudez425@fuentesindustries.gt,España / Latam
https://www.linkedin.com/in/alexander-schneider-realestate-426,Alexander,Schneider,Desarrollos Comerciales Latam,General Counsel - Commercial Real Estate & Leases,legal.alexander.schneider426@delgadogroup.cl,Estados Unidos / Europa
https://www.linkedin.com/in/sofia-salazar-realestate-427,Sofia,Salazar,Logistica Inmobiliaria del Pacifico,Director Legal & Arrendamientos Corporativos,legal.sofia.salazar427@bermudezcapital.mx,España / Latam
https://www.linkedin.com/in/henry-jones-realestate-428,Henry,Jones,Manhattan Asset Management,General Counsel - Commercial Real Estate & Leases,legal.henry.jones428@finanzeprova.it,Estados Unidos / Europa
https://www.linkedin.com/in/victoria-delgado-realestate-429,Victoria,Delgado,Zurich Property Partners,Director Legal & Arrendamientos Corporativos,legal.victoria.delgado429@vertextrading.de,España / Latam
https://www.linkedin.com/in/thomas-weber-realestate-430,Thomas,Weber,Inmobiliaria Corporativa Central,General Counsel - Commercial Real Estate & Leases,legal.thomas.weber430@apexglobal.co.uk,Estados Unidos / Europa
https://www.linkedin.com/in/mauricio-urrutia-realestate-431,Mauricio,Urrutia,Desarrollos Comerciales Latam,Director Legal & Arrendamientos Corporativos,legal.mauricio.urrutia431@mendozacorp.sv,España / Latam
https://www.linkedin.com/in/alexander-davis-realestate-432,Alexander,Davis,Logistica Inmobiliaria del Pacifico,General Counsel - Commercial Real Estate & Leases,legal.alexander.davis432@guzmanpartners.cr,Estados Unidos / Europa
https://www.linkedin.com/in/sofia-fuentes-realestate-433,Sofia,Fuentes,Manhattan Asset Management,Director Legal & Arrendamientos Corporativos,legal.sofia.fuentes433@escobarenterprise.pe,España / Latam
https://www.linkedin.com/in/henry-wagner-realestate-434,Henry,Wagner,Zurich Property Partners,General Counsel - Commercial Real Estate & Leases,legal.henry.wagner434@cisneroslogistics.co,Estados Unidos / Europa
https://www.linkedin.com/in/victoria-mendoza-realestate-435,Victoria,Mendoza,Inmobiliaria Corporativa Central,Director Legal & Arrendamientos Corporativos,legal.victoria.mendoza435@alvaradoholdings.sv,España / Latam
https://www.linkedin.com/in/thomas-anderson-realestate-436,Thomas,Anderson,Desarrollos Comerciales Latam,General Counsel - Commercial Real Estate & Leases,legal.thomas.anderson436@nordiclogistics.se,Estados Unidos / Europa
https://www.linkedin.com/in/mauricio-herrera-realestate-437,Mauricio,Herrera,Logistica Inmobiliaria del Pacifico,Director Legal & Arrendamientos Corporativos,legal.mauricio.herrera437@lombardcapital.ch,España / Latam
https://www.linkedin.com/in/alexander-hoffmann-realestate-438,Alexander,Hoffmann,Manhattan Asset Management,General Counsel - Commercial Real Estate & Leases,legal.alexander.hoffmann438@vargasretail.co,Estados Unidos / Europa
https://www.linkedin.com/in/sofia-silva-realestate-439,Sofia,Silva,Zurich Property Partners,Director Legal & Arrendamientos Corporativos,legal.sofia.silva439@herreratrade.pa,España / Latam
https://www.linkedin.com/in/henry-moore-realestate-440,Henry,Moore,Inmobiliaria Corporativa Central,General Counsel - Commercial Real Estate & Leases,legal.henry.moore440@fuentesindustries.gt,Estados Unidos / Europa
https://www.linkedin.com/in/victoria-jimenez-realestate-441,Victoria,Jimenez,Desarrollos Comerciales Latam,Director Legal & Arrendamientos Corporativos,legal.victoria.jimenez441@delgadogroup.cl,España / Latam
https://www.linkedin.com/in/thomas-jensen-realestate-442,Thomas,Jensen,Logistica Inmobiliaria del Pacifico,General Counsel - Commercial Real Estate & Leases,legal.thomas.jensen442@bermudezcapital.mx,Estados Unidos / Europa
https://www.linkedin.com/in/mauricio-vargas-realestate-443,Mauricio,Vargas,Manhattan Asset Management,Director Legal & Arrendamientos Corporativos,legal.mauricio.vargas443@finanzeprova.it,España / Latam
https://www.linkedin.com/in/alexander-martin-realestate-444,Alexander,Martin,Zurich Property Partners,General Counsel - Commercial Real Estate & Leases,legal.alexander.martin444@vertextrading.de,Estados Unidos / Europa
https://www.linkedin.com/in/sofia-montero-realestate-445,Sofia,Montero,Inmobiliaria Corporativa Central,Director Legal & Arrendamientos Corporativos,legal.sofia.montero445@apexglobal.co.uk,España / Latam
https://www.linkedin.com/in/henry-berg-realestate-446,Henry,Berg,Desarrollos Comerciales Latam,General Counsel - Commercial Real Estate & Leases,legal.henry.berg446@mendozacorp.sv,Estados Unidos / Europa
https://www.linkedin.com/in/victoria-castillo-realestate-447,Victoria,Castillo,Logistica Inmobiliaria del Pacifico,Director Legal & Arrendamientos Corporativos,legal.victoria.castillo447@guzmanpartners.cr,España / Latam
https://www.linkedin.com/in/thomas-walker-realestate-448,Thomas,Walker,Manhattan Asset Management,General Counsel - Commercial Real Estate & Leases,legal.thomas.walker448@escobarenterprise.pe,Estados Unidos / Europa
https://www.linkedin.com/in/mauricio-orellana-realestate-449,Mauricio,Orellana,Zurich Property Partners,Director Legal & Arrendamientos Corporativos,legal.mauricio.orellana449@cisneroslogistics.co,España / Latam
https://www.linkedin.com/in/alexander-smith-realestate-450,Alexander,Smith,Inmobiliaria Corporativa Central,General Counsel - Commercial Real Estate & Leases,legal.alexander.smith450@alvaradoholdings.sv,Estados Unidos / Europa
https://www.linkedin.com/in/sofia-rios-realestate-451,Sofia,Rios,Desarrollos Comerciales Latam,Director Legal & Arrendamientos Corporativos,legal.sofia.rios451@nordiclogistics.se,España / Latam
https://www.linkedin.com/in/henry-schmidt-realestate-452,Henry,Schmidt,Logistica Inmobiliaria del Pacifico,General Counsel - Commercial Real Estate & Leases,legal.henry.schmidt452@lombardcapital.ch,Estados Unidos / Europa
https://www.linkedin.com/in/victoria-quezada-realestate-453,Victoria,Quezada,Manhattan Asset Management,Director Legal & Arrendamientos Corporativos,legal.victoria.quezada453@vargasretail.co,España / Latam
https://www.linkedin.com/in/thomas-williams-realestate-454,Thomas,Williams,Zurich Property Partners,General Counsel - Commercial Real Estate & Leases,legal.thomas.williams454@herreratrade.pa,Estados Unidos / Europa
https://www.linkedin.com/in/mauricio-bermudez-realestate-455,Mauricio,Bermudez,Inmobiliaria Corporativa Central,Director Legal & Arrendamientos Corporativos,legal.mauricio.bermudez455@fuentesindustries.gt,España / Latam
https://www.linkedin.com/in/alexander-schneider-realestate-456,Alexander,Schneider,Desarrollos Comerciales Latam,General Counsel - Commercial Real Estate & Leases,legal.alexander.schneider456@delgadogroup.cl,Estados Unidos / Europa
https://www.linkedin.com/in/sofia-salazar-realestate-457,Sofia,Salazar,Logistica Inmobiliaria del Pacifico,Director Legal & Arrendamientos Corporativos,legal.sofia.salazar457@bermudezcapital.mx,España / Latam
https://www.linkedin.com/in/henry-jones-realestate-458,Henry,Jones,Manhattan Asset Management,General Counsel - Commercial Real Estate & Leases,legal.henry.jones458@finanzeprova.it,Estados Unidos / Europa
https://www.linkedin.com/in/victoria-delgado-realestate-459,Victoria,Delgado,Zurich Property Partners,Director Legal & Arrendamientos Corporativos,legal.victoria.delgado459@vertextrading.de,España / Latam
https://www.linkedin.com/in/thomas-weber-realestate-460,Thomas,Weber,Inmobiliaria Corporativa Central,General Counsel - Commercial Real Estate & Leases,legal.thomas.weber460@apexglobal.co.uk,Estados Unidos / Europa
https://www.linkedin.com/in/mauricio-urrutia-realestate-461,Mauricio,Urrutia,Desarrollos Comerciales Latam,Director Legal & Arrendamientos Corporativos,legal.mauricio.urrutia461@mendozacorp.sv,España / Latam
https://www.linkedin.com/in/alexander-davis-realestate-462,Alexander,Davis,Logistica Inmobiliaria del Pacifico,General Counsel - Commercial Real Estate & Leases,legal.alexander.davis462@guzmanpartners.cr,Estados Unidos / Europa
https://www.linkedin.com/in/sofia-fuentes-realestate-463,Sofia,Fuentes,Manhattan Asset Management,Director Legal & Arrendamientos Corporativos,legal.sofia.fuentes463@escobarenterprise.pe,España / Latam
https://www.linkedin.com/in/henry-wagner-realestate-464,Henry,Wagner,Zurich Property Partners,General Counsel - Commercial Real Estate & Leases,legal.henry.wagner464@cisneroslogistics.co,Estados Unidos / Europa
https://www.linkedin.com/in/victoria-mendoza-realestate-465,Victoria,Mendoza,Inmobiliaria Corporativa Central,Director Legal & Arrendamientos Corporativos,legal.victoria.mendoza465@alvaradoholdings.sv,España / Latam
https://www.linkedin.com/in/thomas-anderson-realestate-466,Thomas,Anderson,Desarrollos Comerciales Latam,General Counsel - Commercial Real Estate & Leases,legal.thomas.anderson466@nordiclogistics.se,Estados Unidos / Europa
https://www.linkedin.com/in/mauricio-herrera-realestate-467,Mauricio,Herrera,Logistica Inmobiliaria del Pacifico,Director Legal & Arrendamientos Corporativos,legal.mauricio.herrera467@lombardcapital.ch,España / Latam
https://www.linkedin.com/in/alexander-hoffmann-realestate-468,Alexander,Hoffmann,Manhattan Asset Management,General Counsel - Commercial Real Estate & Leases,legal.alexander.hoffmann468@vargasretail.co,Estados Unidos / Europa
https://www.linkedin.com/in/sofia-silva-realestate-469,Sofia,Silva,Zurich Property Partners,Director Legal & Arrendamientos Corporativos,legal.sofia.silva469@herreratrade.pa,España / Latam
https://www.linkedin.com/in/henry-moore-realestate-470,Henry,Moore,Inmobiliaria Corporativa Central,General Counsel - Commercial Real Estate & Leases,legal.henry.moore470@fuentesindustries.gt,Estados Unidos / Europa
https://www.linkedin.com/in/victoria-jimenez-realestate-471,Victoria,Jimenez,Desarrollos Comerciales Latam,Director Legal & Arrendamientos Corporativos,legal.victoria.jimenez471@delgadogroup.cl,España / Latam
https://www.linkedin.com/in/thomas-jensen-realestate-472,Thomas,Jensen,Logistica Inmobiliaria del Pacifico,General Counsel - Commercial Real Estate & Leases,legal.thomas.jensen472@bermudezcapital.mx,Estados Unidos / Europa
https://www.linkedin.com/in/mauricio-vargas-realestate-473,Mauricio,Vargas,Manhattan Asset Management,Director Legal & Arrendamientos Corporativos,legal.mauricio.vargas473@finanzeprova.it,España / Latam
https://www.linkedin.com/in/alexander-martin-realestate-474,Alexander,Martin,Zurich Property Partners,General Counsel - Commercial Real Estate & Leases,legal.alexander.martin474@vertextrading.de,Estados Unidos / Europa
https://www.linkedin.com/in/sofia-montero-realestate-475,Sofia,Montero,Inmobiliaria Corporativa Central,Director Legal & Arrendamientos Corporativos,legal.sofia.montero475@apexglobal.co.uk,España / Latam
https://www.linkedin.com/in/henry-berg-realestate-476,Henry,Berg,Desarrollos Comerciales Latam,General Counsel - Commercial Real Estate & Leases,legal.henry.berg476@mendozacorp.sv,Estados Unidos / Europa
https://www.linkedin.com/in/victoria-castillo-realestate-477,Victoria,Castillo,Logistica Inmobiliaria del Pacifico,Director Legal & Arrendamientos Corporativos,legal.victoria.castillo477@guzmanpartners.cr,España / Latam
https://www.linkedin.com/in/thomas-walker-realestate-478,Thomas,Walker,Manhattan Asset Management,General Counsel - Commercial Real Estate & Leases,legal.thomas.walker478@escobarenterprise.pe,Estados Unidos / Europa
https://www.linkedin.com/in/mauricio-orellana-realestate-479,Mauricio,Orellana,Zurich Property Partners,Director Legal & Arrendamientos Corporativos,legal.mauricio.orellana479@cisneroslogistics.co,España / Latam
https://www.linkedin.com/in/alexander-smith-realestate-480,Alexander,Smith,Inmobiliaria Corporativa Central,General Counsel - Commercial Real Estate & Leases,legal.alexander.smith480@alvaradoholdings.sv,Estados Unidos / Europa
https://www.linkedin.com/in/sofia-rios-realestate-481,Sofia,Rios,Desarrollos Comerciales Latam,Director Legal & Arrendamientos Corporativos,legal.sofia.rios481@nordiclogistics.se,España / Latam
https://www.linkedin.com/in/henry-schmidt-realestate-482,Henry,Schmidt,Logistica Inmobiliaria del Pacifico,General Counsel - Commercial Real Estate & Leases,legal.henry.schmidt482@lombardcapital.ch,Estados Unidos / Europa
https://www.linkedin.com/in/victoria-quezada-realestate-483,Victoria,Quezada,Manhattan Asset Management,Director Legal & Arrendamientos Corporativos,legal.victoria.quezada483@vargasretail.co,España / Latam
https://www.linkedin.com/in/thomas-williams-realestate-484,Thomas,Williams,Zurich Property Partners,General Counsel - Commercial Real Estate & Leases,legal.thomas.williams484@herreratrade.pa,Estados Unidos / Europa
https://www.linkedin.com/in/mauricio-bermudez-realestate-485,Mauricio,Bermudez,Inmobiliaria Corporativa Central,Director Legal & Arrendamientos Corporativos,legal.mauricio.bermudez485@fuentesindustries.gt,España / Latam
https://www.linkedin.com/in/alexander-schneider-realestate-486,Alexander,Schneider,Desarrollos Comerciales Latam,General Counsel - Commercial Real Estate & Leases,legal.alexander.schneider486@delgadogroup.cl,Estados Unidos / Europa
https://www.linkedin.com/in/sofia-salazar-realestate-487,Sofia,Salazar,Logistica Inmobiliaria del Pacifico,Director Legal & Arrendamientos Corporativos,legal.sofia.salazar487@bermudezcapital.mx,España / Latam
https://www.linkedin.com/in/henry-jones-realestate-488,Henry,Jones,Manhattan Asset Management,General Counsel - Commercial Real Estate & Leases,legal.henry.jones488@finanzeprova.it,Estados Unidos / Europa
https://www.linkedin.com/in/victoria-delgado-realestate-489,Victoria,Delgado,Zurich Property Partners,Director Legal & Arrendamientos Corporativos,legal.victoria.delgado489@vertextrading.de,España / Latam
https://www.linkedin.com/in/thomas-weber-realestate-490,Thomas,Weber,Inmobiliaria Corporativa Central,General Counsel - Commercial Real Estate & Leases,legal.thomas.weber490@apexglobal.co.uk,Estados Unidos / Europa
https://www.linkedin.com/in/mauricio-urrutia-realestate-491,Mauricio,Urrutia,Desarrollos Comerciales Latam,Director Legal & Arrendamientos Corporativos,legal.mauricio.urrutia491@mendozacorp.sv,España / Latam
https://www.linkedin.com/in/alexander-davis-realestate-492,Alexander,Davis,Logistica Inmobiliaria del Pacifico,General Counsel - Commercial Real Estate & Leases,legal.alexander.davis492@guzmanpartners.cr,Estados Unidos / Europa
https://www.linkedin.com/in/sofia-fuentes-realestate-493,Sofia,Fuentes,Manhattan Asset Management,Director Legal & Arrendamientos Corporativos,legal.sofia.fuentes493@escobarenterprise.pe,España / Latam
https://www.linkedin.com/in/henry-wagner-realestate-494,Henry,Wagner,Zurich Property Partners,General Counsel - Commercial Real Estate & Leases,legal.henry.wagner494@cisneroslogistics.co,Estados Unidos / Europa
https://www.linkedin.com/in/victoria-mendoza-realestate-495,Victoria,Mendoza,Inmobiliaria Corporativa Central,Director Legal & Arrendamientos Corporativos,legal.victoria.mendoza495@alvaradoholdings.sv,España / Latam
https://www.linkedin.com/in/thomas-anderson-realestate-496,Thomas,Anderson,Desarrollos Comerciales Latam,General Counsel - Commercial Real Estate & Leases,legal.thomas.anderson496@nordiclogistics.se,Estados Unidos / Europa
https://www.linkedin.com/in/mauricio-herrera-realestate-497,Mauricio,Herrera,Logistica Inmobiliaria del Pacifico,Director Legal & Arrendamientos Corporativos,legal.mauricio.herrera497@lombardcapital.ch,España / Latam
https://www.linkedin.com/in/alexander-hoffmann-realestate-498,Alexander,Hoffmann,Manhattan Asset Management,General Counsel - Commercial Real Estate & Leases,legal.alexander.hoffmann498@vargasretail.co,Estados Unidos / Europa
https://www.linkedin.com/in/sofia-silva-realestate-499,Sofia,Silva,Zurich Property Partners,Director Legal & Arrendamientos Corporativos,legal.sofia.silva499@herreratrade.pa,España / Latam
https://www.linkedin.com/in/henry-moore-realestate-500,Henry,Moore,Inmobiliaria Corporativa Central,General Counsel - Commercial Real Estate & Leases,legal.henry.moore500@fuentesindustries.gt,Estados Unidos / Europa