firstName,lastName,occupation,companyName,city,country,email,linkedinUrl,trialUrl
"Raúl","Espinosa","Socio de Derecho Corporativo y Proveedores","Espinosa & Asociados — Bufete Mercantil & Proveedores (Sevilla)","Sevilla","España","raul.espinosa@abogadosespinosa.es","https://www.linkedin.com/in/raul-espinosa-abogado-sevilla","https://audiflowai.com/?ref=pyme-law&lead=raul"
"María","Salazar","Socio de Derecho Corporativo y Proveedores","Salazar & Asociados — Despacho Jurídico Corporativo (Miraflores)","Miraflores","Perú","maria.salazar@abogadossalazar.pe","https://www.linkedin.com/in/maria-salazar-abogado-miraflores","https://audiflowai.com/?ref=pyme-law&lead=maria"
"Beatriz","Villegas","Socio de Derecho Corporativo y Proveedores","Villegas & Asociados — Defensa & Contratos Comerciales (Bogotá)","Bogotá","Colombia","beatriz.villegas@abogadosvillegas.co","https://www.linkedin.com/in/beatriz-villegas-abogado-bogotá","https://audiflowai.com/?ref=pyme-law&lead=beatriz"
"Roberto","Fuentes","Titular de Práctica Contractual","Fuentes & Asociados — Boutique Legal Mercantil (Santa Ana)","Santa Ana","Costa Rica","roberto.fuentes@abogadosfuentes.cr","https://www.linkedin.com/in/roberto-fuentes-abogado-santaana","https://audiflowai.com/?ref=pyme-law&lead=roberto"
"Mariana","Bermúdez","Asesor Legal Externo para PYMES","Bermúdez & Asociados — Abogados Asociados de Contratos (Barranquilla)","Barranquilla","Colombia","mariana.bermudez@abogadosbermudez.co","https://www.linkedin.com/in/mariana-bermudez-abogado-barranquilla","https://audiflowai.com/?ref=pyme-law&lead=mariana"
"Valeria","Guzmán","Consultor Jurídico de Empresas Medianas","Guzmán & Asociados — Boutique Legal Mercantil (Providencia)","Providencia","Chile","valeria.guzman@abogadosguzman.cl","https://www.linkedin.com/in/valeria-guzman-abogado-providencia","https://audiflowai.com/?ref=pyme-law&lead=valeria"
"Natalia","Benítez","Socio Fundador & Abogado Director","Benítez & Asociados — Boutique Legal Mercantil (Santa Tecla)","Santa Tecla","El Salvador","natalia.benitez@abogadosbenitez.sv","https://www.linkedin.com/in/natalia-benitez-abogado-santatecla","https://audiflowai.com/?ref=pyme-law&lead=natalia"
"Verónica","Carrasco","Consultor Jurídico de Empresas Medianas","Carrasco & Asociados — Asesores Jurídicos Pyme (Mixco)","Mixco","Guatemala","veronica.carrasco@abogadoscarrasco.gt","https://www.linkedin.com/in/veronica-carrasco-abogado-mixco","https://audiflowai.com/?ref=pyme-law&lead=veronica"
"Gabriel","Peña","Socio de Derecho Corporativo y Proveedores","Peña & Asociados — Bufete Mercantil & Proveedores (Clayton)","Clayton","Panamá","gabriel.pena@abogadospena.pa","https://www.linkedin.com/in/gabriel-pena-abogado-clayton","https://audiflowai.com/?ref=pyme-law&lead=gabriel"
"Roberto","Reyes","Asesor Legal Externo para PYMES","Reyes & Asociados — Bufete Mercantil & Proveedores (Santa Tecla)","Santa Tecla","El Salvador","roberto.reyes@abogadosreyes.sv","https://www.linkedin.com/in/roberto-reyes-abogado-santatecla","https://audiflowai.com/?ref=pyme-law&lead=roberto"
"Carlos","Paredes","Consultor Jurídico de Empresas Medianas","Paredes & Asociados — Despacho Jurídico Corporativo (Escazú)","Escazú","Costa Rica","carlos.paredes@abogadosparedes.cr","https://www.linkedin.com/in/carlos-paredes-abogado-escazú","https://audiflowai.com/?ref=pyme-law&lead=carlos"
"Gabriel","Cordero","Socio Fundador & Abogado Director","Cordero & Asociados — Consultoría Contractual & Negocios (Santa Ana)","Santa Ana","Costa Rica","gabriel.cordero@abogadoscordero.cr","https://www.linkedin.com/in/gabriel-cordero-abogado-santaana","https://audiflowai.com/?ref=pyme-law&lead=gabriel"
"Guillermo","Fuentes","Consultor Jurídico de Empresas Medianas","Fuentes & Asociados — Abogados Asociados de Contratos (Mixco)","Mixco","Guatemala","guillermo.fuentes@abogadosfuentes.gt","https://www.linkedin.com/in/guillermo-fuentes-abogado-mixco","https://audiflowai.com/?ref=pyme-law&lead=guillermo"
"María","Navarro","Socio Fundador & Abogado Director","Navarro & Asociados — Consultores Legales Asociados (Santa Tecla)","Santa Tecla","El Salvador","maria.navarro@abogadosnavarro.sv","https://www.linkedin.com/in/maria-navarro-abogado-santatecla","https://audiflowai.com/?ref=pyme-law&lead=maria"
"Andrés","Espinosa","Consultor Jurídico de Empresas Medianas","Espinosa & Asociados — Consultores Legales Asociados (Santa Ana)","Santa Ana","Costa Rica","andres.espinosa@abogadosespinosa.cr","https://www.linkedin.com/in/andres-espinosa-abogado-santaana","https://audiflowai.com/?ref=pyme-law&lead=andres"
"Paola","Espinosa","Consultor Jurídico de Empresas Medianas","Espinosa & Asociados — Defensa & Contratos Comerciales (Ciudad de Panamá)","Ciudad de Panamá","Panamá","paola.espinosa@abogadosespinosa.pa","https://www.linkedin.com/in/paola-espinosa-abogado-ciudaddepanamá","https://audiflowai.com/?ref=pyme-law&lead=paola"
"Hugo","Castañeda","Abogado Senior de Contratos Mercantiles","Castañeda & Asociados — Bufete Mercantil & Proveedores (Miraflores)","Miraflores","Perú","hugo.castaneda@abogadoscastaneda.pe","https://www.linkedin.com/in/hugo-castaneda-abogado-miraflores","https://audiflowai.com/?ref=pyme-law&lead=hugo"
"Elena","Ibarra","Socio Fundador & Abogado Director","Ibarra & Asociados — Servicios Legales Integrales Pyme (Santa Ana)","Santa Ana","Costa Rica","elena.ibarra@abogadosibarra.cr","https://www.linkedin.com/in/elena-ibarra-abogado-santaana","https://audiflowai.com/?ref=pyme-law&lead=elena"
"Eduardo","Salgado","Abogado Senior de Contratos Mercantiles","Salgado & Asociados — Boutique Legal Mercantil (Clayton)","Clayton","Panamá","eduardo.salgado@abogadossalgado.pa","https://www.linkedin.com/in/eduardo-salgado-abogado-clayton","https://audiflowai.com/?ref=pyme-law&lead=eduardo"
"Jorge","Carrasco","Titular de Práctica Contractual","Carrasco & Asociados — Abogados Asociados de Contratos (Lima)","Lima","Perú","jorge.carrasco@abogadoscarrasco.pe","https://www.linkedin.com/in/jorge-carrasco-abogado-lima","https://audiflowai.com/?ref=pyme-law&lead=jorge"
"Gabriela","Castañeda","Titular de Práctica Contractual","Castañeda & Asociados — Soluciones Legales Empresariales (Antiguo Cuscatlán)","Antiguo Cuscatlán","El Salvador","gabriela.castaneda@abogadoscastaneda.sv","https://www.linkedin.com/in/gabriela-castaneda-abogado-antiguocuscatlán","https://audiflowai.com/?ref=pyme-law&lead=gabriela"
"Verónica","Vargas","Socio Fundador & Abogado Director","Vargas & Asociados — Defensa & Contratos Comerciales (Clayton)","Clayton","Panamá","veronica.vargas@abogadosvargas.pa","https://www.linkedin.com/in/veronica-vargas-abogado-clayton","https://audiflowai.com/?ref=pyme-law&lead=veronica"
"Valeria","Fuentes","Socio de Derecho Corporativo y Proveedores","Fuentes & Asociados — Bufete Mercantil & Proveedores (Escazú)","Escazú","Costa Rica","valeria.fuentes@abogadosfuentes.cr","https://www.linkedin.com/in/valeria-fuentes-abogado-escazú","https://audiflowai.com/?ref=pyme-law&lead=valeria"
"Jorge","Zamora","Asesor Legal Externo para PYMES","Zamora & Asociados — Consultores Legales Asociados (Sevilla)","Sevilla","España","jorge.zamora@abogadoszamora.es","https://www.linkedin.com/in/jorge-zamora-abogado-sevilla","https://audiflowai.com/?ref=pyme-law&lead=jorge"
"Fernando","Pacheco","Socio Fundador & Abogado Director","Pacheco & Asociados — Consultoría Contractual & Negocios (Santa Tecla)","Santa Tecla","El Salvador","fernando.pacheco@abogadospacheco.sv","https://www.linkedin.com/in/fernando-pacheco-abogado-santatecla","https://audiflowai.com/?ref=pyme-law&lead=fernando"
"Mauricio","Guzmán","Socio de Derecho Corporativo y Proveedores","Guzmán & Asociados — Defensa & Contratos Comerciales (Mixco)","Mixco","Guatemala","mauricio.guzman@abogadosguzman.gt","https://www.linkedin.com/in/mauricio-guzman-abogado-mixco","https://audiflowai.com/?ref=pyme-law&lead=mauricio"
"Fernando","Bermúdez","Asesor Legal Externo para PYMES","Bermúdez & Asociados — Defensa & Contratos Comerciales (Antiguo Cuscatlán)","Antiguo Cuscatlán","El Salvador","fernando.bermudez@abogadosbermudez.sv","https://www.linkedin.com/in/fernando-bermudez-abogado-antiguocuscatlán","https://audiflowai.com/?ref=pyme-law&lead=fernando"
"Verónica","Ortega","Socio Fundador & Abogado Director","Ortega & Asociados — Consultores Legales Asociados (Viña del Mar)","Viña del Mar","Chile","veronica.ortega@abogadosortega.cl","https://www.linkedin.com/in/veronica-ortega-abogado-viñadelmar","https://audiflowai.com/?ref=pyme-law&lead=veronica"
"Ricardo","Villegas","Titular de Práctica Contractual","Villegas & Asociados — Defensa & Contratos Comerciales (Providencia)","Providencia","Chile","ricardo.villegas@abogadosvillegas.cl","https://www.linkedin.com/in/ricardo-villegas-abogado-providencia","https://audiflowai.com/?ref=pyme-law&lead=ricardo"
"Diego","Espinosa","Socio Fundador & Abogado Director","Espinosa & Asociados — Estrategia Contractual & Litigio (Santa Tecla)","Santa Tecla","El Salvador","diego.espinosa@abogadosespinosa.sv","https://www.linkedin.com/in/diego-espinosa-abogado-santatecla","https://audiflowai.com/?ref=pyme-law&lead=diego"
"Gabriel","Pacheco","Socio Fundador & Abogado Director","Pacheco & Asociados — Consultoría Contractual & Negocios (Providencia)","Providencia","Chile","gabriel.pacheco@abogadospacheco.cl","https://www.linkedin.com/in/gabriel-pacheco-abogado-providencia","https://audiflowai.com/?ref=pyme-law&lead=gabriel"
"Paola","Pacheco","Consultor Jurídico de Empresas Medianas","Pacheco & Asociados — Bufete Mercantil & Proveedores (San Salvador)","San Salvador","El Salvador","paola.pacheco@abogadospacheco.sv","https://www.linkedin.com/in/paola-pacheco-abogado-sansalvador","https://audiflowai.com/?ref=pyme-law&lead=paola"
"Gabriel","Morales","Consultor Jurídico de Empresas Medianas","Morales & Asociados — Consultores Legales Asociados (Arequipa)","Arequipa","Perú","gabriel.morales@abogadosmorales.pe","https://www.linkedin.com/in/gabriel-morales-abogado-arequipa","https://audiflowai.com/?ref=pyme-law&lead=gabriel"
"Verónica","Morales","Socio Fundador & Abogado Director","Morales & Asociados — Bufete Mercantil & Proveedores (Santa Tecla)","Santa Tecla","El Salvador","veronica.morales@abogadosmorales.sv","https://www.linkedin.com/in/veronica-morales-abogado-santatecla","https://audiflowai.com/?ref=pyme-law&lead=veronica"
"Hugo","Mendoza","Consultor Jurídico de Empresas Medianas","Mendoza & Asociados — Asesores Jurídicos Pyme (Guadalajara)","Guadalajara","México","hugo.mendoza@abogadosmendoza.mx","https://www.linkedin.com/in/hugo-mendoza-abogado-guadalajara","https://audiflowai.com/?ref=pyme-law&lead=hugo"
"Valeria","Salgado","Socio de Derecho Corporativo y Proveedores","Salgado & Asociados — Boutique Legal Mercantil (Sevilla)","Sevilla","España","valeria.salgado@abogadossalgado.es","https://www.linkedin.com/in/valeria-salgado-abogado-sevilla","https://audiflowai.com/?ref=pyme-law&lead=valeria"
"Andrés","Aguilar","Consultor Jurídico de Empresas Medianas","Aguilar & Asociados — Abogados Asociados de Contratos (Santa Tecla)","Santa Tecla","El Salvador","andres.aguilar@abogadosaguilar.sv","https://www.linkedin.com/in/andres-aguilar-abogado-santatecla","https://audiflowai.com/?ref=pyme-law&lead=andres"
"Sofía","Pacheco","Abogado Senior de Contratos Mercantiles","Pacheco & Asociados — Bufete Mercantil & Proveedores (Lima)","Lima","Perú","sofia.pacheco@abogadospacheco.pe","https://www.linkedin.com/in/sofia-pacheco-abogado-lima","https://audiflowai.com/?ref=pyme-law&lead=sofia"
"Valeria","Mendoza","Asesor Legal Externo para PYMES","Mendoza & Asociados — Soluciones Legales Empresariales (San Salvador)","San Salvador","El Salvador","valeria.mendoza@abogadosmendoza.sv","https://www.linkedin.com/in/valeria-mendoza-abogado-sansalvador","https://audiflowai.com/?ref=pyme-law&lead=valeria"
"Lucía","Herrera","Titular de Práctica Contractual","Herrera & Asociados — Asesores Jurídicos Pyme (Clayton)","Clayton","Panamá","lucia.herrera@abogadosherrera.pa","https://www.linkedin.com/in/lucia-herrera-abogado-clayton","https://audiflowai.com/?ref=pyme-law&lead=lucia"
"Verónica","Ibarra","Abogado Senior de Contratos Mercantiles","Ibarra & Asociados — Abogados Asociados de Contratos (Las Condes)","Las Condes","Chile","veronica.ibarra@abogadosibarra.cl","https://www.linkedin.com/in/veronica-ibarra-abogado-lascondes","https://audiflowai.com/?ref=pyme-law&lead=veronica"
"Valeria","Ortega","Titular de Práctica Contractual","Ortega & Asociados — Bufete Mercantil & Proveedores (Guadalajara)","Guadalajara","México","valeria.ortega@abogadosortega.mx","https://www.linkedin.com/in/valeria-ortega-abogado-guadalajara","https://audiflowai.com/?ref=pyme-law&lead=valeria"
"Verónica","Espinosa","Consultor Jurídico de Empresas Medianas","Espinosa & Asociados — Despacho Jurídico Corporativo (Medellín)","Medellín","Colombia","veronica.espinosa@abogadosespinosa.co","https://www.linkedin.com/in/veronica-espinosa-abogado-medellín","https://audiflowai.com/?ref=pyme-law&lead=veronica"
"Sofía","Salazar","Titular de Práctica Contractual","Salazar & Asociados — Estrategia Contractual & Litigio (Ciudad de Guatemala)","Ciudad de Guatemala","Guatemala","sofia.salazar@abogadossalazar.gt","https://www.linkedin.com/in/sofia-salazar-abogado-ciudaddeguatemala","https://audiflowai.com/?ref=pyme-law&lead=sofia"
"Lucía","Carrasco","Abogado Senior de Contratos Mercantiles","Carrasco & Asociados — Bufete Mercantil & Proveedores (Valencia)","Valencia","España","lucia.carrasco@abogadoscarrasco.es","https://www.linkedin.com/in/lucia-carrasco-abogado-valencia","https://audiflowai.com/?ref=pyme-law&lead=lucia"
"Andrés","Campos","Consultor Jurídico de Empresas Medianas","Campos & Asociados — Práctica Legal PYME (Querétaro)","Querétaro","México","andres.campos@abogadoscampos.mx","https://www.linkedin.com/in/andres-campos-abogado-querétaro","https://audiflowai.com/?ref=pyme-law&lead=andres"
"Natalia","Campos","Socio Fundador & Abogado Director","Campos & Asociados — Práctica Legal PYME (Barcelona)","Barcelona","España","natalia.campos@abogadoscampos.es","https://www.linkedin.com/in/natalia-campos-abogado-barcelona","https://audiflowai.com/?ref=pyme-law&lead=natalia"
"Raúl","Ortega","Consultor Jurídico de Empresas Medianas","Ortega & Asociados — Defensa & Contratos Comerciales (CDMX)","CDMX","México","raul.ortega@abogadosortega.mx","https://www.linkedin.com/in/raul-ortega-abogado-cdmx","https://audiflowai.com/?ref=pyme-law&lead=raul"
"Hugo","Pineda","Asesor Legal Externo para PYMES","Pineda & Asociados — Estrategia Contractual & Litigio (Madrid)","Madrid","España","hugo.pineda@abogadospineda.es","https://www.linkedin.com/in/hugo-pineda-abogado-madrid","https://audiflowai.com/?ref=pyme-law&lead=hugo"
"Hugo","Miranda","Socio de Derecho Corporativo y Proveedores","Miranda & Asociados — Consultoría Contractual & Negocios (Santa Tecla)","Santa Tecla","El Salvador","hugo.miranda@abogadosmiranda.sv","https://www.linkedin.com/in/hugo-miranda-abogado-santatecla","https://audiflowai.com/?ref=pyme-law&lead=hugo"
"Paola","Castañeda","Consultor Jurídico de Empresas Medianas","Castañeda & Asociados — Soluciones Legales Empresariales (Barranquilla)","Barranquilla","Colombia","paola.castaneda@abogadoscastaneda.co","https://www.linkedin.com/in/paola-castaneda-abogado-barranquilla","https://audiflowai.com/?ref=pyme-law&lead=paola"
"Carlos","Navarro","Asesor Legal Externo para PYMES","Navarro & Asociados — Despacho Jurídico Corporativo (San Isidro)","San Isidro","Perú","carlos.navarro@abogadosnavarro.pe","https://www.linkedin.com/in/carlos-navarro-abogado-sanisidro","https://audiflowai.com/?ref=pyme-law&lead=carlos"
"Carolina","Rivas","Abogado Senior de Contratos Mercantiles","Rivas & Asociados — Soluciones Legales Empresariales (Antiguo Cuscatlán)","Antiguo Cuscatlán","El Salvador","carolina.rivas@abogadosrivas.sv","https://www.linkedin.com/in/carolina-rivas-abogado-antiguocuscatlán","https://audiflowai.com/?ref=pyme-law&lead=carolina"
"Carolina","Delgado","Asesor Legal Externo para PYMES","Delgado & Asociados — Soluciones Legales Empresariales (Antiguo Cuscatlán)","Antiguo Cuscatlán","El Salvador","carolina.delgado@abogadosdelgado.sv","https://www.linkedin.com/in/carolina-delgado-abogado-antiguocuscatlán","https://audiflowai.com/?ref=pyme-law&lead=carolina"
"Elena","Montoya","Abogado Senior de Contratos Mercantiles","Montoya & Asociados — Consultores Legales Asociados (Providencia)","Providencia","Chile","elena.montoya@abogadosmontoya.cl","https://www.linkedin.com/in/elena-montoya-abogado-providencia","https://audiflowai.com/?ref=pyme-law&lead=elena"
"Fernando","Pacheco","Asesor Legal Externo para PYMES","Pacheco & Asociados — Abogados Asociados de Contratos (San Isidro)","San Isidro","Perú","fernando.pacheco@abogadospacheco.pe","https://www.linkedin.com/in/fernando-pacheco-abogado-sanisidro","https://audiflowai.com/?ref=pyme-law&lead=fernando"
"Gabriela","Guzmán","Consultor Jurídico de Empresas Medianas","Guzmán & Asociados — Bufete Mercantil & Proveedores (Antiguo Cuscatlán)","Antiguo Cuscatlán","El Salvador","gabriela.guzman@abogadosguzman.sv","https://www.linkedin.com/in/gabriela-guzman-abogado-antiguocuscatlán","https://audiflowai.com/?ref=pyme-law&lead=gabriela"
"Sofía","Espinosa","Socio Fundador & Abogado Director","Espinosa & Asociados — Bufete Mercantil & Proveedores (Heredia)","Heredia","Costa Rica","sofia.espinosa@abogadosespinosa.cr","https://www.linkedin.com/in/sofia-espinosa-abogado-heredia","https://audiflowai.com/?ref=pyme-law&lead=sofia"
"Daniela","Navarro","Consultor Jurídico de Empresas Medianas","Navarro & Asociados — Servicios Legales Integrales Pyme (Arequipa)","Arequipa","Perú","daniela.navarro@abogadosnavarro.pe","https://www.linkedin.com/in/daniela-navarro-abogado-arequipa","https://audiflowai.com/?ref=pyme-law&lead=daniela"
"Carlos","Serrano","Socio de Derecho Corporativo y Proveedores","Serrano & Asociados — Asesores Jurídicos Pyme (Monterrey)","Monterrey","México","carlos.serrano@abogadosserrano.mx","https://www.linkedin.com/in/carlos-serrano-abogado-monterrey","https://audiflowai.com/?ref=pyme-law&lead=carlos"
"Camila","Campos","Socio de Derecho Corporativo y Proveedores","Campos & Asociados — Despacho Jurídico Corporativo (CDMX)","CDMX","México","camila.campos@abogadoscampos.mx","https://www.linkedin.com/in/camila-campos-abogado-cdmx","https://audiflowai.com/?ref=pyme-law&lead=camila"
"Adriana","Valenzuela","Abogado Senior de Contratos Mercantiles","Valenzuela & Asociados — Consultoría Contractual & Negocios (San Salvador)","San Salvador","El Salvador","adriana.valenzuela@abogadosvalenzuela.sv","https://www.linkedin.com/in/adriana-valenzuela-abogado-sansalvador","https://audiflowai.com/?ref=pyme-law&lead=adriana"
"Patricia","Villegas","Socio de Derecho Corporativo y Proveedores","Villegas & Asociados — Servicios Legales Integrales Pyme (Ciudad de Panamá)","Ciudad de Panamá","Panamá","patricia.villegas@abogadosvillegas.pa","https://www.linkedin.com/in/patricia-villegas-abogado-ciudaddepanamá","https://audiflowai.com/?ref=pyme-law&lead=patricia"
"Camila","Paredes","Titular de Práctica Contractual","Paredes & Asociados — Estrategia Contractual & Litigio (Antiguo Cuscatlán)","Antiguo Cuscatlán","El Salvador","camila.paredes@abogadosparedes.sv","https://www.linkedin.com/in/camila-paredes-abogado-antiguocuscatlán","https://audiflowai.com/?ref=pyme-law&lead=camila"
"Patricia","Rivas","Titular de Práctica Contractual","Rivas & Asociados — Boutique Legal Mercantil (Bogotá)","Bogotá","Colombia","patricia.rivas@abogadosrivas.co","https://www.linkedin.com/in/patricia-rivas-abogado-bogotá","https://audiflowai.com/?ref=pyme-law&lead=patricia"
"Andrés","Pineda","Socio de Derecho Corporativo y Proveedores","Pineda & Asociados — Consultoría Contractual & Negocios (Viña del Mar)","Viña del Mar","Chile","andres.pineda@abogadospineda.cl","https://www.linkedin.com/in/andres-pineda-abogado-viñadelmar","https://audiflowai.com/?ref=pyme-law&lead=andres"
"Camila","Pacheco","Abogado Senior de Contratos Mercantiles","Pacheco & Asociados — Bufete Mercantil & Proveedores (Querétaro)","Querétaro","México","camila.pacheco@abogadospacheco.mx","https://www.linkedin.com/in/camila-pacheco-abogado-querétaro","https://audiflowai.com/?ref=pyme-law&lead=camila"
"Lucía","Salgado","Abogado Senior de Contratos Mercantiles","Salgado & Asociados — Consultores Legales Asociados (Barranquilla)","Barranquilla","Colombia","lucia.salgado@abogadossalgado.co","https://www.linkedin.com/in/lucia-salgado-abogado-barranquilla","https://audiflowai.com/?ref=pyme-law&lead=lucia"
"Elena","Castañeda","Socio de Derecho Corporativo y Proveedores","Castañeda & Asociados — Bufete Mercantil & Proveedores (Quetzaltenango)","Quetzaltenango","Guatemala","elena.castaneda@abogadoscastaneda.gt","https://www.linkedin.com/in/elena-castaneda-abogado-quetzaltenango","https://audiflowai.com/?ref=pyme-law&lead=elena"
"Valeria","Salgado","Asesor Legal Externo para PYMES","Salgado & Asociados — Estrategia Contractual & Litigio (Mixco)","Mixco","Guatemala","valeria.salgado@abogadossalgado.gt","https://www.linkedin.com/in/valeria-salgado-abogado-mixco","https://audiflowai.com/?ref=pyme-law&lead=valeria"
"Mauricio","Rivas","Consultor Jurídico de Empresas Medianas","Rivas & Asociados — Consultoría Contractual & Negocios (Mixco)","Mixco","Guatemala","mauricio.rivas@abogadosrivas.gt","https://www.linkedin.com/in/mauricio-rivas-abogado-mixco","https://audiflowai.com/?ref=pyme-law&lead=mauricio"
"Jorge","Ibarra","Socio de Derecho Corporativo y Proveedores","Ibarra & Asociados — Despacho Jurídico Corporativo (Clayton)","Clayton","Panamá","jorge.ibarra@abogadosibarra.pa","https://www.linkedin.com/in/jorge-ibarra-abogado-clayton","https://audiflowai.com/?ref=pyme-law&lead=jorge"
"Adriana","Bermúdez","Consultor Jurídico de Empresas Medianas","Bermúdez & Asociados — Boutique Legal Mercantil (Bogotá)","Bogotá","Colombia","adriana.bermudez@abogadosbermudez.co","https://www.linkedin.com/in/adriana-bermudez-abogado-bogotá","https://audiflowai.com/?ref=pyme-law&lead=adriana"
"Valeria","Zamora","Consultor Jurídico de Empresas Medianas","Zamora & Asociados — Servicios Legales Integrales Pyme (Costa del Este)","Costa del Este","Panamá","valeria.zamora@abogadoszamora.pa","https://www.linkedin.com/in/valeria-zamora-abogado-costadeleste","https://audiflowai.com/?ref=pyme-law&lead=valeria"
"Beatriz","Guzmán","Abogado Senior de Contratos Mercantiles","Guzmán & Asociados — Servicios Legales Integrales Pyme (Bogotá)","Bogotá","Colombia","beatriz.guzman@abogadosguzman.co","https://www.linkedin.com/in/beatriz-guzman-abogado-bogotá","https://audiflowai.com/?ref=pyme-law&lead=beatriz"
"Mariana","Serrano","Asesor Legal Externo para PYMES","Serrano & Asociados — Práctica Legal PYME (Antiguo Cuscatlán)","Antiguo Cuscatlán","El Salvador","mariana.serrano@abogadosserrano.sv","https://www.linkedin.com/in/mariana-serrano-abogado-antiguocuscatlán","https://audiflowai.com/?ref=pyme-law&lead=mariana"
"Hugo","Pineda","Asesor Legal Externo para PYMES","Pineda & Asociados — Asesores Jurídicos Pyme (Sevilla)","Sevilla","España","hugo.pineda@abogadospineda.es","https://www.linkedin.com/in/hugo-pineda-abogado-sevilla","https://audiflowai.com/?ref=pyme-law&lead=hugo"
"Verónica","Salazar","Socio de Derecho Corporativo y Proveedores","Salazar & Asociados — Soluciones Legales Empresariales (Querétaro)","Querétaro","México","veronica.salazar@abogadossalazar.mx","https://www.linkedin.com/in/veronica-salazar-abogado-querétaro","https://audiflowai.com/?ref=pyme-law&lead=veronica"
"Mauricio","Cordero","Abogado Senior de Contratos Mercantiles","Cordero & Asociados — Asesores Jurídicos Pyme (Viña del Mar)","Viña del Mar","Chile","mauricio.cordero@abogadoscordero.cl","https://www.linkedin.com/in/mauricio-cordero-abogado-viñadelmar","https://audiflowai.com/?ref=pyme-law&lead=mauricio"
"Roberto","Ortega","Consultor Jurídico de Empresas Medianas","Ortega & Asociados — Abogados Asociados de Contratos (Barranquilla)","Barranquilla","Colombia","roberto.ortega@abogadosortega.co","https://www.linkedin.com/in/roberto-ortega-abogado-barranquilla","https://audiflowai.com/?ref=pyme-law&lead=roberto"
"Elena","Carrasco","Consultor Jurídico de Empresas Medianas","Carrasco & Asociados — Asesores Jurídicos Pyme (Querétaro)","Querétaro","México","elena.carrasco@abogadoscarrasco.mx","https://www.linkedin.com/in/elena-carrasco-abogado-querétaro","https://audiflowai.com/?ref=pyme-law&lead=elena"
"Gabriel","Rivas","Asesor Legal Externo para PYMES","Rivas & Asociados — Estrategia Contractual & Litigio (Quetzaltenango)","Quetzaltenango","Guatemala","gabriel.rivas@abogadosrivas.gt","https://www.linkedin.com/in/gabriel-rivas-abogado-quetzaltenango","https://audiflowai.com/?ref=pyme-law&lead=gabriel"
"Beatriz","Valenzuela","Consultor Jurídico de Empresas Medianas","Valenzuela & Asociados — Asesores Jurídicos Pyme (Barranquilla)","Barranquilla","Colombia","beatriz.valenzuela@abogadosvalenzuela.co","https://www.linkedin.com/in/beatriz-valenzuela-abogado-barranquilla","https://audiflowai.com/?ref=pyme-law&lead=beatriz"
"Alejandro","Reyes","Titular de Práctica Contractual","Reyes & Asociados — Soluciones Legales Empresariales (Santa Tecla)","Santa Tecla","El Salvador","alejandro.reyes@abogadosreyes.sv","https://www.linkedin.com/in/alejandro-reyes-abogado-santatecla","https://audiflowai.com/?ref=pyme-law&lead=alejandro"
"Mauricio","Fuentes","Abogado Senior de Contratos Mercantiles","Fuentes & Asociados — Asesores Jurídicos Pyme (Puebla)","Puebla","México","mauricio.fuentes@abogadosfuentes.mx","https://www.linkedin.com/in/mauricio-fuentes-abogado-puebla","https://audiflowai.com/?ref=pyme-law&lead=mauricio"
"Sofía","Salazar","Socio Fundador & Abogado Director","Salazar & Asociados — Despacho Jurídico Corporativo (Barcelona)","Barcelona","España","sofia.salazar@abogadossalazar.es","https://www.linkedin.com/in/sofia-salazar-abogado-barcelona","https://audiflowai.com/?ref=pyme-law&lead=sofia"
"Eduardo","Paredes","Titular de Práctica Contractual","Paredes & Asociados — Despacho Jurídico Corporativo (Clayton)","Clayton","Panamá","eduardo.paredes@abogadosparedes.pa","https://www.linkedin.com/in/eduardo-paredes-abogado-clayton","https://audiflowai.com/?ref=pyme-law&lead=eduardo"
"Camila","Castañeda","Socio Fundador & Abogado Director","Castañeda & Asociados — Bufete Mercantil & Proveedores (San Isidro)","San Isidro","Perú","camila.castaneda@abogadoscastaneda.pe","https://www.linkedin.com/in/camila-castaneda-abogado-sanisidro","https://audiflowai.com/?ref=pyme-law&lead=camila"
"Gabriel","Mendoza","Asesor Legal Externo para PYMES","Mendoza & Asociados — Defensa & Contratos Comerciales (Quetzaltenango)","Quetzaltenango","Guatemala","gabriel.mendoza@abogadosmendoza.gt","https://www.linkedin.com/in/gabriel-mendoza-abogado-quetzaltenango","https://audiflowai.com/?ref=pyme-law&lead=gabriel"
"Gabriela","Pacheco","Socio Fundador & Abogado Director","Pacheco & Asociados — Consultores Legales Asociados (Miraflores)","Miraflores","Perú","gabriela.pacheco@abogadospacheco.pe","https://www.linkedin.com/in/gabriela-pacheco-abogado-miraflores","https://audiflowai.com/?ref=pyme-law&lead=gabriela"
"Camila","Bermúdez","Asesor Legal Externo para PYMES","Bermúdez & Asociados — Consultoría Contractual & Negocios (Santa Ana)","Santa Ana","Costa Rica","camila.bermudez@abogadosbermudez.cr","https://www.linkedin.com/in/camila-bermudez-abogado-santaana","https://audiflowai.com/?ref=pyme-law&lead=camila"
"Carlos","Reyes","Abogado Senior de Contratos Mercantiles","Reyes & Asociados — Consultoría Contractual & Negocios (Mixco)","Mixco","Guatemala","carlos.reyes@abogadosreyes.gt","https://www.linkedin.com/in/carlos-reyes-abogado-mixco","https://audiflowai.com/?ref=pyme-law&lead=carlos"
"Fernando","Ortega","Consultor Jurídico de Empresas Medianas","Ortega & Asociados — Boutique Legal Mercantil (Barcelona)","Barcelona","España","fernando.ortega@abogadosortega.es","https://www.linkedin.com/in/fernando-ortega-abogado-barcelona","https://audiflowai.com/?ref=pyme-law&lead=fernando"
"Roberto","Herrera","Titular de Práctica Contractual","Herrera & Asociados — Boutique Legal Mercantil (Puebla)","Puebla","México","roberto.herrera@abogadosherrera.mx","https://www.linkedin.com/in/roberto-herrera-abogado-puebla","https://audiflowai.com/?ref=pyme-law&lead=roberto"
"Camila","Campos","Titular de Práctica Contractual","Campos & Asociados — Práctica Legal PYME (Sevilla)","Sevilla","España","camila.campos@abogadoscampos.es","https://www.linkedin.com/in/camila-campos-abogado-sevilla","https://audiflowai.com/?ref=pyme-law&lead=camila"
"Paola","Espinosa","Socio de Derecho Corporativo y Proveedores","Espinosa & Asociados — Asesores Jurídicos Pyme (Lima)","Lima","Perú","paola.espinosa@abogadosespinosa.pe","https://www.linkedin.com/in/paola-espinosa-abogado-lima","https://audiflowai.com/?ref=pyme-law&lead=paola"
"Patricia","Paredes","Socio Fundador & Abogado Director","Paredes & Asociados — Estrategia Contractual & Litigio (Mixco)","Mixco","Guatemala","patricia.paredes@abogadosparedes.gt","https://www.linkedin.com/in/patricia-paredes-abogado-mixco","https://audiflowai.com/?ref=pyme-law&lead=patricia"
"Adriana","Guzmán","Titular de Práctica Contractual","Guzmán & Asociados — Bufete Mercantil & Proveedores (San Isidro)","San Isidro","Perú","adriana.guzman@abogadosguzman.pe","https://www.linkedin.com/in/adriana-guzman-abogado-sanisidro","https://audiflowai.com/?ref=pyme-law&lead=adriana"
"Alejandro","Salazar","Consultor Jurídico de Empresas Medianas","Salazar & Asociados — Práctica Legal PYME (Santa Ana)","Santa Ana","Costa Rica","alejandro.salazar@abogadossalazar.cr","https://www.linkedin.com/in/alejandro-salazar-abogado-santaana","https://audiflowai.com/?ref=pyme-law&lead=alejandro"
"Gabriel","Miranda","Socio de Derecho Corporativo y Proveedores","Miranda & Asociados — Consultores Legales Asociados (Mixco)","Mixco","Guatemala","gabriel.miranda@abogadosmiranda.gt","https://www.linkedin.com/in/gabriel-miranda-abogado-mixco","https://audiflowai.com/?ref=pyme-law&lead=gabriel"
"Carlos","Delgado","Asesor Legal Externo para PYMES","Delgado & Asociados — Consultoría Contractual & Negocios (Cali)","Cali","Colombia","carlos.delgado@abogadosdelgado.co","https://www.linkedin.com/in/carlos-delgado-abogado-cali","https://audiflowai.com/?ref=pyme-law&lead=carlos"
"Alejandro","Ibarra","Socio Fundador & Abogado Director","Ibarra & Asociados — Asesores Jurídicos Pyme (Arequipa)","Arequipa","Perú","alejandro.ibarra@abogadosibarra.pe","https://www.linkedin.com/in/alejandro-ibarra-abogado-arequipa","https://audiflowai.com/?ref=pyme-law&lead=alejandro"
"Hugo","Miranda","Abogado Senior de Contratos Mercantiles","Miranda & Asociados — Bufete Mercantil & Proveedores (CDMX)","CDMX","México","hugo.miranda@abogadosmiranda.mx","https://www.linkedin.com/in/hugo-miranda-abogado-cdmx","https://audiflowai.com/?ref=pyme-law&lead=hugo"
"Ricardo","Navarro","Titular de Práctica Contractual","Navarro & Asociados — Soluciones Legales Empresariales (Costa del Este)","Costa del Este","Panamá","ricardo.navarro@abogadosnavarro.pa","https://www.linkedin.com/in/ricardo-navarro-abogado-costadeleste","https://audiflowai.com/?ref=pyme-law&lead=ricardo"
"Mariana","Villegas","Asesor Legal Externo para PYMES","Villegas & Asociados — Estrategia Contractual & Litigio (Clayton)","Clayton","Panamá","mariana.villegas@abogadosvillegas.pa","https://www.linkedin.com/in/mariana-villegas-abogado-clayton","https://audiflowai.com/?ref=pyme-law&lead=mariana"
"Jorge","Valenzuela","Consultor Jurídico de Empresas Medianas","Valenzuela & Asociados — Boutique Legal Mercantil (Bogotá)","Bogotá","Colombia","jorge.valenzuela@abogadosvalenzuela.co","https://www.linkedin.com/in/jorge-valenzuela-abogado-bogotá","https://audiflowai.com/?ref=pyme-law&lead=jorge"
"Carlos","Castañeda","Titular de Práctica Contractual","Castañeda & Asociados — Estrategia Contractual & Litigio (San Salvador)","San Salvador","El Salvador","carlos.castaneda@abogadoscastaneda.sv","https://www.linkedin.com/in/carlos-castaneda-abogado-sansalvador","https://audiflowai.com/?ref=pyme-law&lead=carlos"
"Raúl","Valenzuela","Abogado Senior de Contratos Mercantiles","Valenzuela & Asociados — Asesores Jurídicos Pyme (Barcelona)","Barcelona","España","raul.valenzuela@abogadosvalenzuela.es","https://www.linkedin.com/in/raul-valenzuela-abogado-barcelona","https://audiflowai.com/?ref=pyme-law&lead=raul"
"Mariana","Campos","Abogado Senior de Contratos Mercantiles","Campos & Asociados — Servicios Legales Integrales Pyme (Lima)","Lima","Perú","mariana.campos@abogadoscampos.pe","https://www.linkedin.com/in/mariana-campos-abogado-lima","https://audiflowai.com/?ref=pyme-law&lead=mariana"
"Carolina","Rivas","Consultor Jurídico de Empresas Medianas","Rivas & Asociados — Práctica Legal PYME (Guadalajara)","Guadalajara","México","carolina.rivas@abogadosrivas.mx","https://www.linkedin.com/in/carolina-rivas-abogado-guadalajara","https://audiflowai.com/?ref=pyme-law&lead=carolina"
"Paola","Morales","Asesor Legal Externo para PYMES","Morales & Asociados — Soluciones Legales Empresariales (Costa del Este)","Costa del Este","Panamá","paola.morales@abogadosmorales.pa","https://www.linkedin.com/in/paola-morales-abogado-costadeleste","https://audiflowai.com/?ref=pyme-law&lead=paola"
"Mariana","Miranda","Socio de Derecho Corporativo y Proveedores","Miranda & Asociados — Consultoría Contractual & Negocios (Las Condes)","Las Condes","Chile","mariana.miranda@abogadosmiranda.cl","https://www.linkedin.com/in/mariana-miranda-abogado-lascondes","https://audiflowai.com/?ref=pyme-law&lead=mariana"
"Elena","Zamora","Socio de Derecho Corporativo y Proveedores","Zamora & Asociados — Abogados Asociados de Contratos (Arequipa)","Arequipa","Perú","elena.zamora@abogadoszamora.pe","https://www.linkedin.com/in/elena-zamora-abogado-arequipa","https://audiflowai.com/?ref=pyme-law&lead=elena"
"Lucía","Villegas","Socio de Derecho Corporativo y Proveedores","Villegas & Asociados — Abogados Asociados de Contratos (Ciudad de Panamá)","Ciudad de Panamá","Panamá","lucia.villegas@abogadosvillegas.pa","https://www.linkedin.com/in/lucia-villegas-abogado-ciudaddepanamá","https://audiflowai.com/?ref=pyme-law&lead=lucia"
"María","Reyes","Titular de Práctica Contractual","Reyes & Asociados — Soluciones Legales Empresariales (Sevilla)","Sevilla","España","maria.reyes@abogadosreyes.es","https://www.linkedin.com/in/maria-reyes-abogado-sevilla","https://audiflowai.com/?ref=pyme-law&lead=maria"
"Sofía","Rivas","Consultor Jurídico de Empresas Medianas","Rivas & Asociados — Bufete Mercantil & Proveedores (Heredia)","Heredia","Costa Rica","sofia.rivas@abogadosrivas.cr","https://www.linkedin.com/in/sofia-rivas-abogado-heredia","https://audiflowai.com/?ref=pyme-law&lead=sofia"
"Diego","Delgado","Consultor Jurídico de Empresas Medianas","Delgado & Asociados — Abogados Asociados de Contratos (Lima)","Lima","Perú","diego.delgado@abogadosdelgado.pe","https://www.linkedin.com/in/diego-delgado-abogado-lima","https://audiflowai.com/?ref=pyme-law&lead=diego"
"Fernando","Bermúdez","Asesor Legal Externo para PYMES","Bermúdez & Asociados — Defensa & Contratos Comerciales (Mixco)","Mixco","Guatemala","fernando.bermudez@abogadosbermudez.gt","https://www.linkedin.com/in/fernando-bermudez-abogado-mixco","https://audiflowai.com/?ref=pyme-law&lead=fernando"
"Manuel","Benítez","Abogado Senior de Contratos Mercantiles","Benítez & Asociados — Asesores Jurídicos Pyme (Guadalajara)","Guadalajara","México","manuel.benitez@abogadosbenitez.mx","https://www.linkedin.com/in/manuel-benitez-abogado-guadalajara","https://audiflowai.com/?ref=pyme-law&lead=manuel"
"María","Ibarra","Socio de Derecho Corporativo y Proveedores","Ibarra & Asociados — Abogados Asociados de Contratos (Bogotá)","Bogotá","Colombia","maria.ibarra@abogadosibarra.co","https://www.linkedin.com/in/maria-ibarra-abogado-bogotá","https://audiflowai.com/?ref=pyme-law&lead=maria"
"Beatriz","Zamora","Asesor Legal Externo para PYMES","Zamora & Asociados — Práctica Legal PYME (Valencia)","Valencia","España","beatriz.zamora@abogadoszamora.es","https://www.linkedin.com/in/beatriz-zamora-abogado-valencia","https://audiflowai.com/?ref=pyme-law&lead=beatriz"
"Mariana","Serrano","Socio Fundador & Abogado Director","Serrano & Asociados — Boutique Legal Mercantil (Antiguo Cuscatlán)","Antiguo Cuscatlán","El Salvador","mariana.serrano@abogadosserrano.sv","https://www.linkedin.com/in/mariana-serrano-abogado-antiguocuscatlán","https://audiflowai.com/?ref=pyme-law&lead=mariana"
"Camila","Reyes","Consultor Jurídico de Empresas Medianas","Reyes & Asociados — Bufete Mercantil & Proveedores (Costa del Este)","Costa del Este","Panamá","camila.reyes@abogadosreyes.pa","https://www.linkedin.com/in/camila-reyes-abogado-costadeleste","https://audiflowai.com/?ref=pyme-law&lead=camila"
"Lucía","Ibarra","Socio de Derecho Corporativo y Proveedores","Ibarra & Asociados — Bufete Mercantil & Proveedores (Heredia)","Heredia","Costa Rica","lucia.ibarra@abogadosibarra.cr","https://www.linkedin.com/in/lucia-ibarra-abogado-heredia","https://audiflowai.com/?ref=pyme-law&lead=lucia"
"Mauricio","Carrasco","Socio de Derecho Corporativo y Proveedores","Carrasco & Asociados — Consultoría Contractual & Negocios (Medellín)","Medellín","Colombia","mauricio.carrasco@abogadoscarrasco.co","https://www.linkedin.com/in/mauricio-carrasco-abogado-medellín","https://audiflowai.com/?ref=pyme-law&lead=mauricio"
"Alejandro","Valenzuela","Titular de Práctica Contractual","Valenzuela & Asociados — Abogados Asociados de Contratos (Madrid)","Madrid","España","alejandro.valenzuela@abogadosvalenzuela.es","https://www.linkedin.com/in/alejandro-valenzuela-abogado-madrid","https://audiflowai.com/?ref=pyme-law&lead=alejandro"
"Mauricio","Delgado","Titular de Práctica Contractual","Delgado & Asociados — Servicios Legales Integrales Pyme (Valencia)","Valencia","España","mauricio.delgado@abogadosdelgado.es","https://www.linkedin.com/in/mauricio-delgado-abogado-valencia","https://audiflowai.com/?ref=pyme-law&lead=mauricio"
"Ricardo","Morales","Abogado Senior de Contratos Mercantiles","Morales & Asociados — Bufete Mercantil & Proveedores (Santiago)","Santiago","Chile","ricardo.morales@abogadosmorales.cl","https://www.linkedin.com/in/ricardo-morales-abogado-santiago","https://audiflowai.com/?ref=pyme-law&lead=ricardo"
"Gabriela","Ibarra","Abogado Senior de Contratos Mercantiles","Ibarra & Asociados — Despacho Jurídico Corporativo (Santa Tecla)","Santa Tecla","El Salvador","gabriela.ibarra@abogadosibarra.sv","https://www.linkedin.com/in/gabriela-ibarra-abogado-santatecla","https://audiflowai.com/?ref=pyme-law&lead=gabriela"
"Fernando","Morales","Socio de Derecho Corporativo y Proveedores","Morales & Asociados — Despacho Jurídico Corporativo (San Salvador)","San Salvador","El Salvador","fernando.morales@abogadosmorales.sv","https://www.linkedin.com/in/fernando-morales-abogado-sansalvador","https://audiflowai.com/?ref=pyme-law&lead=fernando"
"Guillermo","Carrasco","Consultor Jurídico de Empresas Medianas","Carrasco & Asociados — Boutique Legal Mercantil (Clayton)","Clayton","Panamá","guillermo.carrasco@abogadoscarrasco.pa","https://www.linkedin.com/in/guillermo-carrasco-abogado-clayton","https://audiflowai.com/?ref=pyme-law&lead=guillermo"
"Gabriela","Carrasco","Titular de Práctica Contractual","Carrasco & Asociados — Consultores Legales Asociados (San Salvador)","San Salvador","El Salvador","gabriela.carrasco@abogadoscarrasco.sv","https://www.linkedin.com/in/gabriela-carrasco-abogado-sansalvador","https://audiflowai.com/?ref=pyme-law&lead=gabriela"
"Alejandro","Castañeda","Socio Fundador & Abogado Director","Castañeda & Asociados — Despacho Jurídico Corporativo (Escazú)","Escazú","Costa Rica","alejandro.castaneda@abogadoscastaneda.cr","https://www.linkedin.com/in/alejandro-castaneda-abogado-escazú","https://audiflowai.com/?ref=pyme-law&lead=alejandro"
"Gabriela","Guzmán","Abogado Senior de Contratos Mercantiles","Guzmán & Asociados — Bufete Mercantil & Proveedores (Guadalajara)","Guadalajara","México","gabriela.guzman@abogadosguzman.mx","https://www.linkedin.com/in/gabriela-guzman-abogado-guadalajara","https://audiflowai.com/?ref=pyme-law&lead=gabriela"
"Andrés","Ortega","Consultor Jurídico de Empresas Medianas","Ortega & Asociados — Estrategia Contractual & Litigio (Monterrey)","Monterrey","México","andres.ortega@abogadosortega.mx","https://www.linkedin.com/in/andres-ortega-abogado-monterrey","https://audiflowai.com/?ref=pyme-law&lead=andres"
"Lucía","Zamora","Titular de Práctica Contractual","Zamora & Asociados — Despacho Jurídico Corporativo (San Salvador)","San Salvador","El Salvador","lucia.zamora@abogadoszamora.sv","https://www.linkedin.com/in/lucia-zamora-abogado-sansalvador","https://audiflowai.com/?ref=pyme-law&lead=lucia"
"Hugo","Fuentes","Titular de Práctica Contractual","Fuentes & Asociados — Estrategia Contractual & Litigio (Miraflores)","Miraflores","Perú","hugo.fuentes@abogadosfuentes.pe","https://www.linkedin.com/in/hugo-fuentes-abogado-miraflores","https://audiflowai.com/?ref=pyme-law&lead=hugo"
"Raúl","Salazar","Asesor Legal Externo para PYMES","Salazar & Asociados — Soluciones Legales Empresariales (Santa Ana)","Santa Ana","Costa Rica","raul.salazar@abogadossalazar.cr","https://www.linkedin.com/in/raul-salazar-abogado-santaana","https://audiflowai.com/?ref=pyme-law&lead=raul"
"María","Pacheco","Socio Fundador & Abogado Director","Pacheco & Asociados — Consultoría Contractual & Negocios (Santiago)","Santiago","Chile","maria.pacheco@abogadospacheco.cl","https://www.linkedin.com/in/maria-pacheco-abogado-santiago","https://audiflowai.com/?ref=pyme-law&lead=maria"
"Daniela","Bermúdez","Abogado Senior de Contratos Mercantiles","Bermúdez & Asociados — Despacho Jurídico Corporativo (Arequipa)","Arequipa","Perú","daniela.bermudez@abogadosbermudez.pe","https://www.linkedin.com/in/daniela-bermudez-abogado-arequipa","https://audiflowai.com/?ref=pyme-law&lead=daniela"
"Beatriz","Fuentes","Abogado Senior de Contratos Mercantiles","Fuentes & Asociados — Boutique Legal Mercantil (Escazú)","Escazú","Costa Rica","beatriz.fuentes@abogadosfuentes.cr","https://www.linkedin.com/in/beatriz-fuentes-abogado-escazú","https://audiflowai.com/?ref=pyme-law&lead=beatriz"
"Adriana","Pineda","Abogado Senior de Contratos Mercantiles","Pineda & Asociados — Práctica Legal PYME (Costa del Este)","Costa del Este","Panamá","adriana.pineda@abogadospineda.pa","https://www.linkedin.com/in/adriana-pineda-abogado-costadeleste","https://audiflowai.com/?ref=pyme-law&lead=adriana"
"Andrés","Delgado","Socio de Derecho Corporativo y Proveedores","Delgado & Asociados — Despacho Jurídico Corporativo (Valencia)","Valencia","España","andres.delgado@abogadosdelgado.es","https://www.linkedin.com/in/andres-delgado-abogado-valencia","https://audiflowai.com/?ref=pyme-law&lead=andres"
"Fernando","Villegas","Titular de Práctica Contractual","Villegas & Asociados — Soluciones Legales Empresariales (Sevilla)","Sevilla","España","fernando.villegas@abogadosvillegas.es","https://www.linkedin.com/in/fernando-villegas-abogado-sevilla","https://audiflowai.com/?ref=pyme-law&lead=fernando"
"Gabriela","Fuentes","Socio de Derecho Corporativo y Proveedores","Fuentes & Asociados — Despacho Jurídico Corporativo (CDMX)","CDMX","México","gabriela.fuentes@abogadosfuentes.mx","https://www.linkedin.com/in/gabriela-fuentes-abogado-cdmx","https://audiflowai.com/?ref=pyme-law&lead=gabriela"
"Beatriz","Miranda","Socio de Derecho Corporativo y Proveedores","Miranda & Asociados — Asesores Jurídicos Pyme (Barranquilla)","Barranquilla","Colombia","beatriz.miranda@abogadosmiranda.co","https://www.linkedin.com/in/beatriz-miranda-abogado-barranquilla","https://audiflowai.com/?ref=pyme-law&lead=beatriz"
"Diego","Cordero","Titular de Práctica Contractual","Cordero & Asociados — Soluciones Legales Empresariales (Las Condes)","Las Condes","Chile","diego.cordero@abogadoscordero.cl","https://www.linkedin.com/in/diego-cordero-abogado-lascondes","https://audiflowai.com/?ref=pyme-law&lead=diego"
"Andrés","Guzmán","Socio de Derecho Corporativo y Proveedores","Guzmán & Asociados — Despacho Jurídico Corporativo (Arequipa)","Arequipa","Perú","andres.guzman@abogadosguzman.pe","https://www.linkedin.com/in/andres-guzman-abogado-arequipa","https://audiflowai.com/?ref=pyme-law&lead=andres"
"Adriana","Espinosa","Socio Fundador & Abogado Director","Espinosa & Asociados — Abogados Asociados de Contratos (Mixco)","Mixco","Guatemala","adriana.espinosa@abogadosespinosa.gt","https://www.linkedin.com/in/adriana-espinosa-abogado-mixco","https://audiflowai.com/?ref=pyme-law&lead=adriana"
"Andrés","Bermúdez","Abogado Senior de Contratos Mercantiles","Bermúdez & Asociados — Estrategia Contractual & Litigio (Madrid)","Madrid","España","andres.bermudez@abogadosbermudez.es","https://www.linkedin.com/in/andres-bermudez-abogado-madrid","https://audiflowai.com/?ref=pyme-law&lead=andres"
"Valeria","Delgado","Titular de Práctica Contractual","Delgado & Asociados — Práctica Legal PYME (Miraflores)","Miraflores","Perú","valeria.delgado@abogadosdelgado.pe","https://www.linkedin.com/in/valeria-delgado-abogado-miraflores","https://audiflowai.com/?ref=pyme-law&lead=valeria"
"Verónica","Ortega","Socio de Derecho Corporativo y Proveedores","Ortega & Asociados — Servicios Legales Integrales Pyme (Santa Ana)","Santa Ana","Costa Rica","veronica.ortega@abogadosortega.cr","https://www.linkedin.com/in/veronica-ortega-abogado-santaana","https://audiflowai.com/?ref=pyme-law&lead=veronica"
"Mariana","Espinosa","Socio de Derecho Corporativo y Proveedores","Espinosa & Asociados — Servicios Legales Integrales Pyme (Antiguo Cuscatlán)","Antiguo Cuscatlán","El Salvador","mariana.espinosa@abogadosespinosa.sv","https://www.linkedin.com/in/mariana-espinosa-abogado-antiguocuscatlán","https://audiflowai.com/?ref=pyme-law&lead=mariana"
"Patricia","Ibarra","Consultor Jurídico de Empresas Medianas","Ibarra & Asociados — Estrategia Contractual & Litigio (Monterrey)","Monterrey","México","patricia.ibarra@abogadosibarra.mx","https://www.linkedin.com/in/patricia-ibarra-abogado-monterrey","https://audiflowai.com/?ref=pyme-law&lead=patricia"
"Gabriela","Miranda","Titular de Práctica Contractual","Miranda & Asociados — Soluciones Legales Empresariales (San José)","San José","Costa Rica","gabriela.miranda@abogadosmiranda.cr","https://www.linkedin.com/in/gabriela-miranda-abogado-sanjosé","https://audiflowai.com/?ref=pyme-law&lead=gabriela"
"Diego","Miranda","Titular de Práctica Contractual","Miranda & Asociados — Estrategia Contractual & Litigio (Viña del Mar)","Viña del Mar","Chile","diego.miranda@abogadosmiranda.cl","https://www.linkedin.com/in/diego-miranda-abogado-viñadelmar","https://audiflowai.com/?ref=pyme-law&lead=diego"
"María","Valenzuela","Socio de Derecho Corporativo y Proveedores","Valenzuela & Asociados — Servicios Legales Integrales Pyme (Mixco)","Mixco","Guatemala","maria.valenzuela@abogadosvalenzuela.gt","https://www.linkedin.com/in/maria-valenzuela-abogado-mixco","https://audiflowai.com/?ref=pyme-law&lead=maria"
"Jorge","Pacheco","Titular de Práctica Contractual","Pacheco & Asociados — Servicios Legales Integrales Pyme (Antiguo Cuscatlán)","Antiguo Cuscatlán","El Salvador","jorge.pacheco@abogadospacheco.sv","https://www.linkedin.com/in/jorge-pacheco-abogado-antiguocuscatlán","https://audiflowai.com/?ref=pyme-law&lead=jorge"
"Diego","Villegas","Consultor Jurídico de Empresas Medianas","Villegas & Asociados — Abogados Asociados de Contratos (Antiguo Cuscatlán)","Antiguo Cuscatlán","El Salvador","diego.villegas@abogadosvillegas.sv","https://www.linkedin.com/in/diego-villegas-abogado-antiguocuscatlán","https://audiflowai.com/?ref=pyme-law&lead=diego"
"Diego","Herrera","Socio Fundador & Abogado Director","Herrera & Asociados — Asesores Jurídicos Pyme (Viña del Mar)","Viña del Mar","Chile","diego.herrera@abogadosherrera.cl","https://www.linkedin.com/in/diego-herrera-abogado-viñadelmar","https://audiflowai.com/?ref=pyme-law&lead=diego"
"Eduardo","Castañeda","Socio de Derecho Corporativo y Proveedores","Castañeda & Asociados — Servicios Legales Integrales Pyme (Costa del Este)","Costa del Este","Panamá","eduardo.castaneda@abogadoscastaneda.pa","https://www.linkedin.com/in/eduardo-castaneda-abogado-costadeleste","https://audiflowai.com/?ref=pyme-law&lead=eduardo"
"Gabriel","Bermúdez","Socio de Derecho Corporativo y Proveedores","Bermúdez & Asociados — Práctica Legal PYME (San Isidro)","San Isidro","Perú","gabriel.bermudez@abogadosbermudez.pe","https://www.linkedin.com/in/gabriel-bermudez-abogado-sanisidro","https://audiflowai.com/?ref=pyme-law&lead=gabriel"
"Mauricio","Valenzuela","Socio de Derecho Corporativo y Proveedores","Valenzuela & Asociados — Asesores Jurídicos Pyme (Guadalajara)","Guadalajara","México","mauricio.valenzuela@abogadosvalenzuela.mx","https://www.linkedin.com/in/mauricio-valenzuela-abogado-guadalajara","https://audiflowai.com/?ref=pyme-law&lead=mauricio"
"Roberto","Herrera","Consultor Jurídico de Empresas Medianas","Herrera & Asociados — Bufete Mercantil & Proveedores (Costa del Este)","Costa del Este","Panamá","roberto.herrera@abogadosherrera.pa","https://www.linkedin.com/in/roberto-herrera-abogado-costadeleste","https://audiflowai.com/?ref=pyme-law&lead=roberto"
"Gabriela","Valenzuela","Socio de Derecho Corporativo y Proveedores","Valenzuela & Asociados — Asesores Jurídicos Pyme (Cali)","Cali","Colombia","gabriela.valenzuela@abogadosvalenzuela.co","https://www.linkedin.com/in/gabriela-valenzuela-abogado-cali","https://audiflowai.com/?ref=pyme-law&lead=gabriela"
"Guillermo","Montoya","Titular de Práctica Contractual","Montoya & Asociados — Consultoría Contractual & Negocios (Santa Tecla)","Santa Tecla","El Salvador","guillermo.montoya@abogadosmontoya.sv","https://www.linkedin.com/in/guillermo-montoya-abogado-santatecla","https://audiflowai.com/?ref=pyme-law&lead=guillermo"
"Manuel","Bermúdez","Socio Fundador & Abogado Director","Bermúdez & Asociados — Práctica Legal PYME (Guadalajara)","Guadalajara","México","manuel.bermudez@abogadosbermudez.mx","https://www.linkedin.com/in/manuel-bermudez-abogado-guadalajara","https://audiflowai.com/?ref=pyme-law&lead=manuel"
"Mariana","Peña","Socio Fundador & Abogado Director","Peña & Asociados — Asesores Jurídicos Pyme (Quetzaltenango)","Quetzaltenango","Guatemala","mariana.pena@abogadospena.gt","https://www.linkedin.com/in/mariana-pena-abogado-quetzaltenango","https://audiflowai.com/?ref=pyme-law&lead=mariana"
"Lucía","Carrasco","Socio de Derecho Corporativo y Proveedores","Carrasco & Asociados — Servicios Legales Integrales Pyme (Barranquilla)","Barranquilla","Colombia","lucia.carrasco@abogadoscarrasco.co","https://www.linkedin.com/in/lucia-carrasco-abogado-barranquilla","https://audiflowai.com/?ref=pyme-law&lead=lucia"
"Manuel","Valenzuela","Consultor Jurídico de Empresas Medianas","Valenzuela & Asociados — Asesores Jurídicos Pyme (Madrid)","Madrid","España","manuel.valenzuela@abogadosvalenzuela.es","https://www.linkedin.com/in/manuel-valenzuela-abogado-madrid","https://audiflowai.com/?ref=pyme-law&lead=manuel"
"Javier","Rivas","Abogado Senior de Contratos Mercantiles","Rivas & Asociados — Consultores Legales Asociados (Ciudad de Guatemala)","Ciudad de Guatemala","Guatemala","javier.rivas@abogadosrivas.gt","https://www.linkedin.com/in/javier-rivas-abogado-ciudaddeguatemala","https://audiflowai.com/?ref=pyme-law&lead=javier"
"Elena","Campos","Socio Fundador & Abogado Director","Campos & Asociados — Abogados Asociados de Contratos (Lima)","Lima","Perú","elena.campos@abogadoscampos.pe","https://www.linkedin.com/in/elena-campos-abogado-lima","https://audiflowai.com/?ref=pyme-law&lead=elena"
"Sofía","Zamora","Titular de Práctica Contractual","Zamora & Asociados — Servicios Legales Integrales Pyme (Cali)","Cali","Colombia","sofia.zamora@abogadoszamora.co","https://www.linkedin.com/in/sofia-zamora-abogado-cali","https://audiflowai.com/?ref=pyme-law&lead=sofia"
"Sofía","Rivas","Consultor Jurídico de Empresas Medianas","Rivas & Asociados — Boutique Legal Mercantil (Sevilla)","Sevilla","España","sofia.rivas@abogadosrivas.es","https://www.linkedin.com/in/sofia-rivas-abogado-sevilla","https://audiflowai.com/?ref=pyme-law&lead=sofia"
"Manuel","Benítez","Asesor Legal Externo para PYMES","Benítez & Asociados — Abogados Asociados de Contratos (Puebla)","Puebla","México","manuel.benitez@abogadosbenitez.mx","https://www.linkedin.com/in/manuel-benitez-abogado-puebla","https://audiflowai.com/?ref=pyme-law&lead=manuel"
"Manuel","Morales","Consultor Jurídico de Empresas Medianas","Morales & Asociados — Abogados Asociados de Contratos (Clayton)","Clayton","Panamá","manuel.morales@abogadosmorales.pa","https://www.linkedin.com/in/manuel-morales-abogado-clayton","https://audiflowai.com/?ref=pyme-law&lead=manuel"
"Jorge","Aguilar","Asesor Legal Externo para PYMES","Aguilar & Asociados — Consultores Legales Asociados (Monterrey)","Monterrey","México","jorge.aguilar@abogadosaguilar.mx","https://www.linkedin.com/in/jorge-aguilar-abogado-monterrey","https://audiflowai.com/?ref=pyme-law&lead=jorge"
"Sofía","Montoya","Titular de Práctica Contractual","Montoya & Asociados — Despacho Jurídico Corporativo (San Isidro)","San Isidro","Perú","sofia.montoya@abogadosmontoya.pe","https://www.linkedin.com/in/sofia-montoya-abogado-sanisidro","https://audiflowai.com/?ref=pyme-law&lead=sofia"
"Patricia","Montoya","Socio de Derecho Corporativo y Proveedores","Montoya & Asociados — Servicios Legales Integrales Pyme (Santa Tecla)","Santa Tecla","El Salvador","patricia.montoya@abogadosmontoya.sv","https://www.linkedin.com/in/patricia-montoya-abogado-santatecla","https://audiflowai.com/?ref=pyme-law&lead=patricia"
"Sofía","Serrano","Titular de Práctica Contractual","Serrano & Asociados — Estrategia Contractual & Litigio (Clayton)","Clayton","Panamá","sofia.serrano@abogadosserrano.pa","https://www.linkedin.com/in/sofia-serrano-abogado-clayton","https://audiflowai.com/?ref=pyme-law&lead=sofia"
"Paola","Miranda","Titular de Práctica Contractual","Miranda & Asociados — Práctica Legal PYME (Monterrey)","Monterrey","México","paola.miranda@abogadosmiranda.mx","https://www.linkedin.com/in/paola-miranda-abogado-monterrey","https://audiflowai.com/?ref=pyme-law&lead=paola"
"Patricia","Serrano","Socio Fundador & Abogado Director","Serrano & Asociados — Estrategia Contractual & Litigio (Madrid)","Madrid","España","patricia.serrano@abogadosserrano.es","https://www.linkedin.com/in/patricia-serrano-abogado-madrid","https://audiflowai.com/?ref=pyme-law&lead=patricia"
"Paola","Pineda","Socio de Derecho Corporativo y Proveedores","Pineda & Asociados — Servicios Legales Integrales Pyme (Costa del Este)","Costa del Este","Panamá","paola.pineda@abogadospineda.pa","https://www.linkedin.com/in/paola-pineda-abogado-costadeleste","https://audiflowai.com/?ref=pyme-law&lead=paola"
"Ricardo","Ibarra","Abogado Senior de Contratos Mercantiles","Ibarra & Asociados — Boutique Legal Mercantil (Clayton)","Clayton","Panamá","ricardo.ibarra@abogadosibarra.pa","https://www.linkedin.com/in/ricardo-ibarra-abogado-clayton","https://audiflowai.com/?ref=pyme-law&lead=ricardo"
"Manuel","Delgado","Consultor Jurídico de Empresas Medianas","Delgado & Asociados — Asesores Jurídicos Pyme (Clayton)","Clayton","Panamá","manuel.delgado@abogadosdelgado.pa","https://www.linkedin.com/in/manuel-delgado-abogado-clayton","https://audiflowai.com/?ref=pyme-law&lead=manuel"
"Javier","Mendoza","Titular de Práctica Contractual","Mendoza & Asociados — Asesores Jurídicos Pyme (Miraflores)","Miraflores","Perú","javier.mendoza@abogadosmendoza.pe","https://www.linkedin.com/in/javier-mendoza-abogado-miraflores","https://audiflowai.com/?ref=pyme-law&lead=javier"
"Manuel","Herrera","Socio Fundador & Abogado Director","Herrera & Asociados — Soluciones Legales Empresariales (Ciudad de Guatemala)","Ciudad de Guatemala","Guatemala","manuel.herrera@abogadosherrera.gt","https://www.linkedin.com/in/manuel-herrera-abogado-ciudaddeguatemala","https://audiflowai.com/?ref=pyme-law&lead=manuel"
"Beatriz","Salazar","Socio Fundador & Abogado Director","Salazar & Asociados — Práctica Legal PYME (San Salvador)","San Salvador","El Salvador","beatriz.salazar@abogadossalazar.sv","https://www.linkedin.com/in/beatriz-salazar-abogado-sansalvador","https://audiflowai.com/?ref=pyme-law&lead=beatriz"
"Patricia","Espinosa","Socio Fundador & Abogado Director","Espinosa & Asociados — Boutique Legal Mercantil (Ciudad de Guatemala)","Ciudad de Guatemala","Guatemala","patricia.espinosa@abogadosespinosa.gt","https://www.linkedin.com/in/patricia-espinosa-abogado-ciudaddeguatemala","https://audiflowai.com/?ref=pyme-law&lead=patricia"
"Alejandro","Serrano","Asesor Legal Externo para PYMES","Serrano & Asociados — Estrategia Contractual & Litigio (Mixco)","Mixco","Guatemala","alejandro.serrano@abogadosserrano.gt","https://www.linkedin.com/in/alejandro-serrano-abogado-mixco","https://audiflowai.com/?ref=pyme-law&lead=alejandro"
"Adriana","Villegas","Abogado Senior de Contratos Mercantiles","Villegas & Asociados — Estrategia Contractual & Litigio (Viña del Mar)","Viña del Mar","Chile","adriana.villegas@abogadosvillegas.cl","https://www.linkedin.com/in/adriana-villegas-abogado-viñadelmar","https://audiflowai.com/?ref=pyme-law&lead=adriana"
"Raúl","Paredes","Socio Fundador & Abogado Director","Paredes & Asociados — Boutique Legal Mercantil (Madrid)","Madrid","España","raul.paredes@abogadosparedes.es","https://www.linkedin.com/in/raul-paredes-abogado-madrid","https://audiflowai.com/?ref=pyme-law&lead=raul"
"Verónica","Espinosa","Consultor Jurídico de Empresas Medianas","Espinosa & Asociados — Bufete Mercantil & Proveedores (Clayton)","Clayton","Panamá","veronica.espinosa@abogadosespinosa.pa","https://www.linkedin.com/in/veronica-espinosa-abogado-clayton","https://audiflowai.com/?ref=pyme-law&lead=veronica"
"Diego","Morales","Consultor Jurídico de Empresas Medianas","Morales & Asociados — Abogados Asociados de Contratos (Valencia)","Valencia","España","diego.morales@abogadosmorales.es","https://www.linkedin.com/in/diego-morales-abogado-valencia","https://audiflowai.com/?ref=pyme-law&lead=diego"
"Javier","Espinosa","Titular de Práctica Contractual","Espinosa & Asociados — Boutique Legal Mercantil (Santiago)","Santiago","Chile","javier.espinosa@abogadosespinosa.cl","https://www.linkedin.com/in/javier-espinosa-abogado-santiago","https://audiflowai.com/?ref=pyme-law&lead=javier"
"Patricia","Paredes","Consultor Jurídico de Empresas Medianas","Paredes & Asociados — Servicios Legales Integrales Pyme (Viña del Mar)","Viña del Mar","Chile","patricia.paredes@abogadosparedes.cl","https://www.linkedin.com/in/patricia-paredes-abogado-viñadelmar","https://audiflowai.com/?ref=pyme-law&lead=patricia"
"Lucía","Morales","Titular de Práctica Contractual","Morales & Asociados — Despacho Jurídico Corporativo (Las Condes)","Las Condes","Chile","lucia.morales@abogadosmorales.cl","https://www.linkedin.com/in/lucia-morales-abogado-lascondes","https://audiflowai.com/?ref=pyme-law&lead=lucia"
"Valeria","Navarro","Titular de Práctica Contractual","Navarro & Asociados — Práctica Legal PYME (San Salvador)","San Salvador","El Salvador","valeria.navarro@abogadosnavarro.sv","https://www.linkedin.com/in/valeria-navarro-abogado-sansalvador","https://audiflowai.com/?ref=pyme-law&lead=valeria"
"Fernando","Castañeda","Abogado Senior de Contratos Mercantiles","Castañeda & Asociados — Bufete Mercantil & Proveedores (Miraflores)","Miraflores","Perú","fernando.castaneda@abogadoscastaneda.pe","https://www.linkedin.com/in/fernando-castaneda-abogado-miraflores","https://audiflowai.com/?ref=pyme-law&lead=fernando"
"Jorge","Zamora","Asesor Legal Externo para PYMES","Zamora & Asociados — Despacho Jurídico Corporativo (Cali)","Cali","Colombia","jorge.zamora@abogadoszamora.co","https://www.linkedin.com/in/jorge-zamora-abogado-cali","https://audiflowai.com/?ref=pyme-law&lead=jorge"
"Fernando","Carrasco","Socio de Derecho Corporativo y Proveedores","Carrasco & Asociados — Defensa & Contratos Comerciales (San Isidro)","San Isidro","Perú","fernando.carrasco@abogadoscarrasco.pe","https://www.linkedin.com/in/fernando-carrasco-abogado-sanisidro","https://audiflowai.com/?ref=pyme-law&lead=fernando"
"Adriana","Carrasco","Asesor Legal Externo para PYMES","Carrasco & Asociados — Consultores Legales Asociados (Lima)","Lima","Perú","adriana.carrasco@abogadoscarrasco.pe","https://www.linkedin.com/in/adriana-carrasco-abogado-lima","https://audiflowai.com/?ref=pyme-law&lead=adriana"
"Hugo","Mendoza","Socio de Derecho Corporativo y Proveedores","Mendoza & Asociados — Servicios Legales Integrales Pyme (Medellín)","Medellín","Colombia","hugo.mendoza@abogadosmendoza.co","https://www.linkedin.com/in/hugo-mendoza-abogado-medellín","https://audiflowai.com/?ref=pyme-law&lead=hugo"
"Raúl","Villegas","Socio Fundador & Abogado Director","Villegas & Asociados — Asesores Jurídicos Pyme (Medellín)","Medellín","Colombia","raul.villegas@abogadosvillegas.co","https://www.linkedin.com/in/raul-villegas-abogado-medellín","https://audiflowai.com/?ref=pyme-law&lead=raul"
"Carolina","Vargas","Socio Fundador & Abogado Director","Vargas & Asociados — Boutique Legal Mercantil (Ciudad de Panamá)","Ciudad de Panamá","Panamá","carolina.vargas@abogadosvargas.pa","https://www.linkedin.com/in/carolina-vargas-abogado-ciudaddepanamá","https://audiflowai.com/?ref=pyme-law&lead=carolina"
"Manuel","Guzmán","Socio Fundador & Abogado Director","Guzmán & Asociados — Abogados Asociados de Contratos (Escazú)","Escazú","Costa Rica","manuel.guzman@abogadosguzman.cr","https://www.linkedin.com/in/manuel-guzman-abogado-escazú","https://audiflowai.com/?ref=pyme-law&lead=manuel"
"Manuel","Salgado","Titular de Práctica Contractual","Salgado & Asociados — Consultoría Contractual & Negocios (San Salvador)","San Salvador","El Salvador","manuel.salgado@abogadossalgado.sv","https://www.linkedin.com/in/manuel-salgado-abogado-sansalvador","https://audiflowai.com/?ref=pyme-law&lead=manuel"
"Diego","Ortega","Asesor Legal Externo para PYMES","Ortega & Asociados — Despacho Jurídico Corporativo (Sevilla)","Sevilla","España","diego.ortega@abogadosortega.es","https://www.linkedin.com/in/diego-ortega-abogado-sevilla","https://audiflowai.com/?ref=pyme-law&lead=diego"
"Roberto","Pacheco","Asesor Legal Externo para PYMES","Pacheco & Asociados — Bufete Mercantil & Proveedores (Barranquilla)","Barranquilla","Colombia","roberto.pacheco@abogadospacheco.co","https://www.linkedin.com/in/roberto-pacheco-abogado-barranquilla","https://audiflowai.com/?ref=pyme-law&lead=roberto"
"Ricardo","Reyes","Asesor Legal Externo para PYMES","Reyes & Asociados — Estrategia Contractual & Litigio (Sevilla)","Sevilla","España","ricardo.reyes@abogadosreyes.es","https://www.linkedin.com/in/ricardo-reyes-abogado-sevilla","https://audiflowai.com/?ref=pyme-law&lead=ricardo"
"Elena","Montoya","Asesor Legal Externo para PYMES","Montoya & Asociados — Abogados Asociados de Contratos (Querétaro)","Querétaro","México","elena.montoya@abogadosmontoya.mx","https://www.linkedin.com/in/elena-montoya-abogado-querétaro","https://audiflowai.com/?ref=pyme-law&lead=elena"
"Fernando","Benítez","Consultor Jurídico de Empresas Medianas","Benítez & Asociados — Servicios Legales Integrales Pyme (Guadalajara)","Guadalajara","México","fernando.benitez@abogadosbenitez.mx","https://www.linkedin.com/in/fernando-benitez-abogado-guadalajara","https://audiflowai.com/?ref=pyme-law&lead=fernando"
"Andrés","Salgado","Socio de Derecho Corporativo y Proveedores","Salgado & Asociados — Asesores Jurídicos Pyme (Santa Tecla)","Santa Tecla","El Salvador","andres.salgado@abogadossalgado.sv","https://www.linkedin.com/in/andres-salgado-abogado-santatecla","https://audiflowai.com/?ref=pyme-law&lead=andres"
"Daniela","Aguilar","Asesor Legal Externo para PYMES","Aguilar & Asociados — Abogados Asociados de Contratos (Ciudad de Panamá)","Ciudad de Panamá","Panamá","daniela.aguilar@abogadosaguilar.pa","https://www.linkedin.com/in/daniela-aguilar-abogado-ciudaddepanamá","https://audiflowai.com/?ref=pyme-law&lead=daniela"
"Fernando","Rivas","Asesor Legal Externo para PYMES","Rivas & Asociados — Asesores Jurídicos Pyme (Medellín)","Medellín","Colombia","fernando.rivas@abogadosrivas.co","https://www.linkedin.com/in/fernando-rivas-abogado-medellín","https://audiflowai.com/?ref=pyme-law&lead=fernando"
"Beatriz","Salazar","Asesor Legal Externo para PYMES","Salazar & Asociados — Consultores Legales Asociados (Barcelona)","Barcelona","España","beatriz.salazar@abogadossalazar.es","https://www.linkedin.com/in/beatriz-salazar-abogado-barcelona","https://audiflowai.com/?ref=pyme-law&lead=beatriz"
"Beatriz","Delgado","Asesor Legal Externo para PYMES","Delgado & Asociados — Asesores Jurídicos Pyme (Clayton)","Clayton","Panamá","beatriz.delgado@abogadosdelgado.pa","https://www.linkedin.com/in/beatriz-delgado-abogado-clayton","https://audiflowai.com/?ref=pyme-law&lead=beatriz"
"Mariana","Morales","Asesor Legal Externo para PYMES","Morales & Asociados — Abogados Asociados de Contratos (Quetzaltenango)","Quetzaltenango","Guatemala","mariana.morales@abogadosmorales.gt","https://www.linkedin.com/in/mariana-morales-abogado-quetzaltenango","https://audiflowai.com/?ref=pyme-law&lead=mariana"
"Beatriz","Salgado","Titular de Práctica Contractual","Salgado & Asociados — Consultores Legales Asociados (Querétaro)","Querétaro","México","beatriz.salgado@abogadossalgado.mx","https://www.linkedin.com/in/beatriz-salgado-abogado-querétaro","https://audiflowai.com/?ref=pyme-law&lead=beatriz"
"Ricardo","Carrasco","Consultor Jurídico de Empresas Medianas","Carrasco & Asociados — Abogados Asociados de Contratos (Barcelona)","Barcelona","España","ricardo.carrasco@abogadoscarrasco.es","https://www.linkedin.com/in/ricardo-carrasco-abogado-barcelona","https://audiflowai.com/?ref=pyme-law&lead=ricardo"
"Diego","Villegas","Abogado Senior de Contratos Mercantiles","Villegas & Asociados — Abogados Asociados de Contratos (Clayton)","Clayton","Panamá","diego.villegas@abogadosvillegas.pa","https://www.linkedin.com/in/diego-villegas-abogado-clayton","https://audiflowai.com/?ref=pyme-law&lead=diego"
"Carlos","Pineda","Titular de Práctica Contractual","Pineda & Asociados — Estrategia Contractual & Litigio (Heredia)","Heredia","Costa Rica","carlos.pineda@abogadospineda.cr","https://www.linkedin.com/in/carlos-pineda-abogado-heredia","https://audiflowai.com/?ref=pyme-law&lead=carlos"
"Mariana","Guzmán","Asesor Legal Externo para PYMES","Guzmán & Asociados — Despacho Jurídico Corporativo (Ciudad de Panamá)","Ciudad de Panamá","Panamá","mariana.guzman@abogadosguzman.pa","https://www.linkedin.com/in/mariana-guzman-abogado-ciudaddepanamá","https://audiflowai.com/?ref=pyme-law&lead=mariana"
"Hugo","Carrasco","Socio Fundador & Abogado Director","Carrasco & Asociados — Estrategia Contractual & Litigio (Costa del Este)","Costa del Este","Panamá","hugo.carrasco@abogadoscarrasco.pa","https://www.linkedin.com/in/hugo-carrasco-abogado-costadeleste","https://audiflowai.com/?ref=pyme-law&lead=hugo"
"Beatriz","Serrano","Socio Fundador & Abogado Director","Serrano & Asociados — Servicios Legales Integrales Pyme (Guadalajara)","Guadalajara","México","beatriz.serrano@abogadosserrano.mx","https://www.linkedin.com/in/beatriz-serrano-abogado-guadalajara","https://audiflowai.com/?ref=pyme-law&lead=beatriz"
"Andrés","Espinosa","Asesor Legal Externo para PYMES","Espinosa & Asociados — Defensa & Contratos Comerciales (San José)","San José","Costa Rica","andres.espinosa@abogadosespinosa.cr","https://www.linkedin.com/in/andres-espinosa-abogado-sanjosé","https://audiflowai.com/?ref=pyme-law&lead=andres"
"Raúl","Carrasco","Consultor Jurídico de Empresas Medianas","Carrasco & Asociados — Estrategia Contractual & Litigio (Ciudad de Panamá)","Ciudad de Panamá","Panamá","raul.carrasco@abogadoscarrasco.pa","https://www.linkedin.com/in/raul-carrasco-abogado-ciudaddepanamá","https://audiflowai.com/?ref=pyme-law&lead=raul"
"Verónica","Salgado","Asesor Legal Externo para PYMES","Salgado & Asociados — Consultores Legales Asociados (Arequipa)","Arequipa","Perú","veronica.salgado@abogadossalgado.pe","https://www.linkedin.com/in/veronica-salgado-abogado-arequipa","https://audiflowai.com/?ref=pyme-law&lead=veronica"
"Jorge","Guzmán","Titular de Práctica Contractual","Guzmán & Asociados — Servicios Legales Integrales Pyme (Quetzaltenango)","Quetzaltenango","Guatemala","jorge.guzman@abogadosguzman.gt","https://www.linkedin.com/in/jorge-guzman-abogado-quetzaltenango","https://audiflowai.com/?ref=pyme-law&lead=jorge"
"Guillermo","Zamora","Consultor Jurídico de Empresas Medianas","Zamora & Asociados — Consultoría Contractual & Negocios (San Salvador)","San Salvador","El Salvador","guillermo.zamora@abogadoszamora.sv","https://www.linkedin.com/in/guillermo-zamora-abogado-sansalvador","https://audiflowai.com/?ref=pyme-law&lead=guillermo"
"Mariana","Aguilar","Consultor Jurídico de Empresas Medianas","Aguilar & Asociados — Consultoría Contractual & Negocios (Las Condes)","Las Condes","Chile","mariana.aguilar@abogadosaguilar.cl","https://www.linkedin.com/in/mariana-aguilar-abogado-lascondes","https://audiflowai.com/?ref=pyme-law&lead=mariana"
"Carolina","Salazar","Titular de Práctica Contractual","Salazar & Asociados — Servicios Legales Integrales Pyme (Mixco)","Mixco","Guatemala","carolina.salazar@abogadossalazar.gt","https://www.linkedin.com/in/carolina-salazar-abogado-mixco","https://audiflowai.com/?ref=pyme-law&lead=carolina"
"Daniela","Montoya","Consultor Jurídico de Empresas Medianas","Montoya & Asociados — Práctica Legal PYME (Ciudad de Panamá)","Ciudad de Panamá","Panamá","daniela.montoya@abogadosmontoya.pa","https://www.linkedin.com/in/daniela-montoya-abogado-ciudaddepanamá","https://audiflowai.com/?ref=pyme-law&lead=daniela"
"Javier","Ortega","Consultor Jurídico de Empresas Medianas","Ortega & Asociados — Defensa & Contratos Comerciales (Santa Ana)","Santa Ana","Costa Rica","javier.ortega@abogadosortega.cr","https://www.linkedin.com/in/javier-ortega-abogado-santaana","https://audiflowai.com/?ref=pyme-law&lead=javier"
"Gabriela","Villegas","Consultor Jurídico de Empresas Medianas","Villegas & Asociados — Defensa & Contratos Comerciales (Santa Tecla)","Santa Tecla","El Salvador","gabriela.villegas@abogadosvillegas.sv","https://www.linkedin.com/in/gabriela-villegas-abogado-santatecla","https://audiflowai.com/?ref=pyme-law&lead=gabriela"
"Mauricio","Salgado","Socio Fundador & Abogado Director","Salgado & Asociados — Defensa & Contratos Comerciales (San José)","San José","Costa Rica","mauricio.salgado@abogadossalgado.cr","https://www.linkedin.com/in/mauricio-salgado-abogado-sanjosé","https://audiflowai.com/?ref=pyme-law&lead=mauricio"
"Gabriela","Cordero","Asesor Legal Externo para PYMES","Cordero & Asociados — Consultores Legales Asociados (Cali)","Cali","Colombia","gabriela.cordero@abogadoscordero.co","https://www.linkedin.com/in/gabriela-cordero-abogado-cali","https://audiflowai.com/?ref=pyme-law&lead=gabriela"
"Carolina","Ibarra","Abogado Senior de Contratos Mercantiles","Ibarra & Asociados — Estrategia Contractual & Litigio (Puebla)","Puebla","México","carolina.ibarra@abogadosibarra.mx","https://www.linkedin.com/in/carolina-ibarra-abogado-puebla","https://audiflowai.com/?ref=pyme-law&lead=carolina"
"Daniela","Pineda","Socio Fundador & Abogado Director","Pineda & Asociados — Bufete Mercantil & Proveedores (San Isidro)","San Isidro","Perú","daniela.pineda@abogadospineda.pe","https://www.linkedin.com/in/daniela-pineda-abogado-sanisidro","https://audiflowai.com/?ref=pyme-law&lead=daniela"
"María","Pacheco","Consultor Jurídico de Empresas Medianas","Pacheco & Asociados — Consultores Legales Asociados (Costa del Este)","Costa del Este","Panamá","maria.pacheco@abogadospacheco.pa","https://www.linkedin.com/in/maria-pacheco-abogado-costadeleste","https://audiflowai.com/?ref=pyme-law&lead=maria"
"María","Fuentes","Asesor Legal Externo para PYMES","Fuentes & Asociados — Abogados Asociados de Contratos (Ciudad de Panamá)","Ciudad de Panamá","Panamá","maria.fuentes@abogadosfuentes.pa","https://www.linkedin.com/in/maria-fuentes-abogado-ciudaddepanamá","https://audiflowai.com/?ref=pyme-law&lead=maria"
"Gabriela","Guzmán","Consultor Jurídico de Empresas Medianas","Guzmán & Asociados — Abogados Asociados de Contratos (Providencia)","Providencia","Chile","gabriela.guzman@abogadosguzman.cl","https://www.linkedin.com/in/gabriela-guzman-abogado-providencia","https://audiflowai.com/?ref=pyme-law&lead=gabriela"
"Adriana","Campos","Titular de Práctica Contractual","Campos & Asociados — Servicios Legales Integrales Pyme (Lima)","Lima","Perú","adriana.campos@abogadoscampos.pe","https://www.linkedin.com/in/adriana-campos-abogado-lima","https://audiflowai.com/?ref=pyme-law&lead=adriana"
"Ricardo","Cordero","Socio Fundador & Abogado Director","Cordero & Asociados — Consultores Legales Asociados (Lima)","Lima","Perú","ricardo.cordero@abogadoscordero.pe","https://www.linkedin.com/in/ricardo-cordero-abogado-lima","https://audiflowai.com/?ref=pyme-law&lead=ricardo"
"Fernando","Bermúdez","Titular de Práctica Contractual","Bermúdez & Asociados — Despacho Jurídico Corporativo (Lima)","Lima","Perú","fernando.bermudez@abogadosbermudez.pe","https://www.linkedin.com/in/fernando-bermudez-abogado-lima","https://audiflowai.com/?ref=pyme-law&lead=fernando"
"Alejandro","Montoya","Asesor Legal Externo para PYMES","Montoya & Asociados — Bufete Mercantil & Proveedores (Las Condes)","Las Condes","Chile","alejandro.montoya@abogadosmontoya.cl","https://www.linkedin.com/in/alejandro-montoya-abogado-lascondes","https://audiflowai.com/?ref=pyme-law&lead=alejandro"
"Guillermo","Benítez","Consultor Jurídico de Empresas Medianas","Benítez & Asociados — Asesores Jurídicos Pyme (Las Condes)","Las Condes","Chile","guillermo.benitez@abogadosbenitez.cl","https://www.linkedin.com/in/guillermo-benitez-abogado-lascondes","https://audiflowai.com/?ref=pyme-law&lead=guillermo"
"Jorge","Miranda","Socio de Derecho Corporativo y Proveedores","Miranda & Asociados — Estrategia Contractual & Litigio (Santa Tecla)","Santa Tecla","El Salvador","jorge.miranda@abogadosmiranda.sv","https://www.linkedin.com/in/jorge-miranda-abogado-santatecla","https://audiflowai.com/?ref=pyme-law&lead=jorge"
"Diego","Montoya","Consultor Jurídico de Empresas Medianas","Montoya & Asociados — Consultoría Contractual & Negocios (Querétaro)","Querétaro","México","diego.montoya@abogadosmontoya.mx","https://www.linkedin.com/in/diego-montoya-abogado-querétaro","https://audiflowai.com/?ref=pyme-law&lead=diego"
"María","Villegas","Socio de Derecho Corporativo y Proveedores","Villegas & Asociados — Consultoría Contractual & Negocios (Monterrey)","Monterrey","México","maria.villegas@abogadosvillegas.mx","https://www.linkedin.com/in/maria-villegas-abogado-monterrey","https://audiflowai.com/?ref=pyme-law&lead=maria"