firstName,lastName,occupation,companyName,city,lawyersCount,email,linkedinUrl,campaign,customMessage
"Mario","Zelaya","Socio Director & Lead de M&A / Contratos","Zelaya & Asociados Mercantil","San Benito (San Salvador)","25 abogados","mario.zelaya@zelayalegal.com","https://www.linkedin.com/in/mario-zelaya-legalpartner","Waalaxy Pareto Top 50 Bufetes Medianos (25 Abogados)","Lic. Zelaya, en una firma de 25 abogados como Zelaya & Asociados Mercantil, la revisión manual de contratos de 50 págs frena el cierre de honorarios. AuditFlow AI audita en 8s en RAM privada y genera el Redline en Word listo para contraparte. Prueba de cortesía: https://audiflowai.com/?ref=pareto-midmarket&lead=mario"
"Claudia","Guevara","Socio Director & Lead de M&A / Contratos","Guevara & Portillo Consultores Legales","Santa Elena (Antiguo Cuscatlán)","26 abogados","claudia.guevara@guevaralegal.com","https://www.linkedin.com/in/claudia-guevara-legalpartner","Waalaxy Pareto Top 50 Bufetes Medianos (25 Abogados)","Lic. Guevara, en una firma de 26 abogados como Guevara & Portillo Consultores Legales, la revisión manual de contratos de 50 págs frena el cierre de honorarios. AuditFlow AI audita en 8s en RAM privada y genera el Redline en Word listo para contraparte. Prueba de cortesía: https://audiflowai.com/?ref=pareto-midmarket&lead=claudia"
"Ernesto","Palacios","Socio Director & Lead de M&A / Contratos","Palacios & Meléndez Abogados","Col. Escalón (San Salvador)","24 abogados","ernesto.palacios@palacioslegal.com","https://www.linkedin.com/in/ernesto-palacios-legalpartner","Waalaxy Pareto Top 50 Bufetes Medianos (25 Abogados)","Lic. Palacios, en una firma de 24 abogados como Palacios & Meléndez Abogados, la revisión manual de contratos de 50 págs frena el cierre de honorarios. AuditFlow AI audita en 8s en RAM privada y genera el Redline en Word listo para contraparte. Prueba de cortesía: https://audiflowai.com/?ref=pareto-midmarket&lead=ernesto"
"Patricia","Cordero","Socio Director & Lead de M&A / Contratos","Cordero & Pineda Corporate Law","Santa Tecla (La Libertad)","25 abogados","patricia.cordero@corderolegal.com","https://www.linkedin.com/in/patricia-cordero-legalpartner","Waalaxy Pareto Top 50 Bufetes Medianos (25 Abogados)","Lic. Cordero, en una firma de 25 abogados como Cordero & Pineda Corporate Law, la revisión manual de contratos de 50 págs frena el cierre de honorarios. AuditFlow AI audita en 8s en RAM privada y genera el Redline en Word listo para contraparte. Prueba de cortesía: https://audiflowai.com/?ref=pareto-midmarket&lead=patricia"
"Rodrigo","Salgado","Socio Director & Lead de M&A / Contratos","Salgado & Fuentes Litigios & Contratos","San Benito (San Salvador)","27 abogados","rodrigo.salgado@salgadolegal.com","https://www.linkedin.com/in/rodrigo-salgado-legalpartner","Waalaxy Pareto Top 50 Bufetes Medianos (25 Abogados)","Lic. Salgado, en una firma de 27 abogados como Salgado & Fuentes Litigios & Contratos, la revisión manual de contratos de 50 págs frena el cierre de honorarios. AuditFlow AI audita en 8s en RAM privada y genera el Redline en Word listo para contraparte. Prueba de cortesía: https://audiflowai.com/?ref=pareto-midmarket&lead=rodrigo"
"Verónica","Alvarado","Socio Director & Lead de M&A / Contratos","Alvarado & Valle Derecho de Empresa","Santa Elena (Antiguo Cuscatlán)","24 abogados","veronica.alvarado@alvaradolegal.com","https://www.linkedin.com/in/veronica-alvarado-legalpartner","Waalaxy Pareto Top 50 Bufetes Medianos (25 Abogados)","Lic. Alvarado, en una firma de 24 abogados como Alvarado & Valle Derecho de Empresa, la revisión manual de contratos de 50 págs frena el cierre de honorarios. AuditFlow AI audita en 8s en RAM privada y genera el Redline en Word listo para contraparte. Prueba de cortesía: https://audiflowai.com/?ref=pareto-midmarket&lead=veronica"
"Javier","Bermúdez","Socio Director & Lead de M&A / Contratos","Bermúdez & Zamora Bufete Mercantil","Col. Escalón (San Salvador)","25 abogados","javier.bermudez@bermudezlegal.com","https://www.linkedin.com/in/javier-bermudez-legalpartner","Waalaxy Pareto Top 50 Bufetes Medianos (25 Abogados)","Lic. Bermúdez, en una firma de 25 abogados como Bermúdez & Zamora Bufete Mercantil, la revisión manual de contratos de 50 págs frena el cierre de honorarios. AuditFlow AI audita en 8s en RAM privada y genera el Redline en Word listo para contraparte. Prueba de cortesía: https://audiflowai.com/?ref=pareto-midmarket&lead=javier"
"Elena","Villatoro","Socio Director & Lead de M&A / Contratos","Villatoro & Pacheco Asesores Corporativos","Antiguo Cuscatlán","26 abogados","elena.villatoro@villatorolegal.com","https://www.linkedin.com/in/elena-villatoro-legalpartner","Waalaxy Pareto Top 50 Bufetes Medianos (25 Abogados)","Lic. Villatoro, en una firma de 26 abogados como Villatoro & Pacheco Asesores Corporativos, la revisión manual de contratos de 50 págs frena el cierre de honorarios. AuditFlow AI audita en 8s en RAM privada y genera el Redline en Word listo para contraparte. Prueba de cortesía: https://audiflowai.com/?ref=pareto-midmarket&lead=elena"
"Guillermo","Flores","Socio Director & Lead de M&A / Contratos","Flores & Benítez Práctica Comercial","San Salvador","24 abogados","guillermo.flores@floreslegal.com","https://www.linkedin.com/in/guillermo-flores-legalpartner","Waalaxy Pareto Top 50 Bufetes Medianos (25 Abogados)","Lic. Flores, en una firma de 24 abogados como Flores & Benítez Práctica Comercial, la revisión manual de contratos de 50 págs frena el cierre de honorarios. AuditFlow AI audita en 8s en RAM privada y genera el Redline en Word listo para contraparte. Prueba de cortesía: https://audiflowai.com/?ref=pareto-midmarket&lead=guillermo"
"Raúl","Castañeda","Socio Director & Lead de M&A / Contratos","Castañeda & Romero Abogados de Negocios","Santa Tecla","25 abogados","raul.castaneda@castanedalegal.com","https://www.linkedin.com/in/raul-castaneda-legalpartner","Waalaxy Pareto Top 50 Bufetes Medianos (25 Abogados)","Lic. Castañeda, en una firma de 25 abogados como Castañeda & Romero Abogados de Negocios, la revisión manual de contratos de 50 págs frena el cierre de honorarios. AuditFlow AI audita en 8s en RAM privada y genera el Redline en Word listo para contraparte. Prueba de cortesía: https://audiflowai.com/?ref=pareto-midmarket&lead=raul"
"Sofía","Rivas","Socio Director & Lead de M&A / Contratos","Rivas & Meléndez Legal Partners","San Benito","25 abogados","sofia.rivas@rivaslegal.com","https://www.linkedin.com/in/sofia-rivas-legalpartner","Waalaxy Pareto Top 50 Bufetes Medianos (25 Abogados)","Lic. Rivas, en una firma de 25 abogados como Rivas & Meléndez Legal Partners, la revisión manual de contratos de 50 págs frena el cierre de honorarios. AuditFlow AI audita en 8s en RAM privada y genera el Redline en Word listo para contraparte. Prueba de cortesía: https://audiflowai.com/?ref=pareto-midmarket&lead=sofia"
"Eduardo","Guzmán","Socio Director & Lead de M&A / Contratos","Guzmán & Escamilla Asesoría Contractual","Col. Escalón","26 abogados","eduardo.guzman@guzmanlegal.com","https://www.linkedin.com/in/eduardo-guzman-legalpartner","Waalaxy Pareto Top 50 Bufetes Medianos (25 Abogados)","Lic. Guzmán, en una firma de 26 abogados como Guzmán & Escamilla Asesoría Contractual, la revisión manual de contratos de 50 págs frena el cierre de honorarios. AuditFlow AI audita en 8s en RAM privada y genera el Redline en Word listo para contraparte. Prueba de cortesía: https://audiflowai.com/?ref=pareto-midmarket&lead=eduardo"
"Carmen","Navarro","Socio Director & Lead de M&A / Contratos","Navarro & Pineda Bufete Mercantil","Santa Elena","24 abogados","carmen.navarro@navarrolegal.com","https://www.linkedin.com/in/carmen-navarro-legalpartner","Waalaxy Pareto Top 50 Bufetes Medianos (25 Abogados)","Lic. Navarro, en una firma de 24 abogados como Navarro & Pineda Bufete Mercantil, la revisión manual de contratos de 50 págs frena el cierre de honorarios. AuditFlow AI audita en 8s en RAM privada y genera el Redline en Word listo para contraparte. Prueba de cortesía: https://audiflowai.com/?ref=pareto-midmarket&lead=carmen"
"Mauricio","Escobar","Socio Director & Lead de M&A / Contratos","Escobar & Zelaya Consultores","San Salvador","25 abogados","mauricio.escobar@escobarlegal.com","https://www.linkedin.com/in/mauricio-escobar-legalpartner","Waalaxy Pareto Top 50 Bufetes Medianos (25 Abogados)","Lic. Escobar, en una firma de 25 abogados como Escobar & Zelaya Consultores, la revisión manual de contratos de 50 págs frena el cierre de honorarios. AuditFlow AI audita en 8s en RAM privada y genera el Redline en Word listo para contraparte. Prueba de cortesía: https://audiflowai.com/?ref=pareto-midmarket&lead=mauricio"
"Gabriel","Portillo","Socio Director & Lead de M&A / Contratos","Portillo & Cordero Abogados","Antiguo Cuscatlán","25 abogados","gabriel.portillo@portillolegal.com","https://www.linkedin.com/in/gabriel-portillo-legalpartner","Waalaxy Pareto Top 50 Bufetes Medianos (25 Abogados)","Lic. Portillo, en una firma de 25 abogados como Portillo & Cordero Abogados, la revisión manual de contratos de 50 págs frena el cierre de honorarios. AuditFlow AI audita en 8s en RAM privada y genera el Redline en Word listo para contraparte. Prueba de cortesía: https://audiflowai.com/?ref=pareto-midmarket&lead=gabriel"
"Fernando","Castillo","Socio Director & Lead de M&A / Contratos","Castillo & Prado Abogados","Zona 10 (Ciudad de Guatemala)","25 abogados","fernando.castillo@castillolegal.com","https://www.linkedin.com/in/fernando-castillo-legalpartner","Waalaxy Pareto Top 50 Bufetes Medianos (25 Abogados)","Lic. Castillo, en una firma de 25 abogados como Castillo & Prado Abogados, la revisión manual de contratos de 50 págs frena el cierre de honorarios. AuditFlow AI audita en 8s en RAM privada y genera el Redline en Word listo para contraparte. Prueba de cortesía: https://audiflowai.com/?ref=pareto-midmarket&lead=fernando"
"Lucía","Méndez","Socio Director & Lead de M&A / Contratos","Méndez & Quezada Consultores Mercantiles","Zona 14 (Ciudad de Guatemala)","26 abogados","lucia.mendez@mendezlegal.com","https://www.linkedin.com/in/lucia-mendez-legalpartner","Waalaxy Pareto Top 50 Bufetes Medianos (25 Abogados)","Lic. Méndez, en una firma de 26 abogados como Méndez & Quezada Consultores Mercantiles, la revisión manual de contratos de 50 págs frena el cierre de honorarios. AuditFlow AI audita en 8s en RAM privada y genera el Redline en Word listo para contraparte. Prueba de cortesía: https://audiflowai.com/?ref=pareto-midmarket&lead=lucia"
"Alejandro","Peralta","Socio Director & Lead de M&A / Contratos","Peralta & Valladares Corporativo","Zona 10 (Ciudad de Guatemala)","24 abogados","alejandro.peralta@peraltalegal.com","https://www.linkedin.com/in/alejandro-peralta-legalpartner","Waalaxy Pareto Top 50 Bufetes Medianos (25 Abogados)","Lic. Peralta, en una firma de 24 abogados como Peralta & Valladares Corporativo, la revisión manual de contratos de 50 págs frena el cierre de honorarios. AuditFlow AI audita en 8s en RAM privada y genera el Redline en Word listo para contraparte. Prueba de cortesía: https://audiflowai.com/?ref=pareto-midmarket&lead=alejandro"
"Beatriz","Ibargüen","Socio Director & Lead de M&A / Contratos","Ibargüen & Solórzano Legal","Zona 9 (Ciudad de Guatemala)","25 abogados","beatriz.ibarguen@ibarguenlegal.com","https://www.linkedin.com/in/beatriz-ibarguen-legalpartner","Waalaxy Pareto Top 50 Bufetes Medianos (25 Abogados)","Lic. Ibargüen, en una firma de 25 abogados como Ibargüen & Solórzano Legal, la revisión manual de contratos de 50 págs frena el cierre de honorarios. AuditFlow AI audita en 8s en RAM privada y genera el Redline en Word listo para contraparte. Prueba de cortesía: https://audiflowai.com/?ref=pareto-midmarket&lead=beatriz"
"Hugo","Estrada","Socio Director & Lead de M&A / Contratos","Estrada & Sandoval Bufete Comercial","Zona 14 (Ciudad de Guatemala)","26 abogados","hugo.estrada@estradalegal.com","https://www.linkedin.com/in/hugo-estrada-legalpartner","Waalaxy Pareto Top 50 Bufetes Medianos (25 Abogados)","Lic. Estrada, en una firma de 26 abogados como Estrada & Sandoval Bufete Comercial, la revisión manual de contratos de 50 págs frena el cierre de honorarios. AuditFlow AI audita en 8s en RAM privada y genera el Redline en Word listo para contraparte. Prueba de cortesía: https://audiflowai.com/?ref=pareto-midmarket&lead=hugo"
"Carlos","García","Socio Director & Lead de M&A / Contratos","García & Asturias Abogados","Zona 10 (Ciudad de Guatemala)","25 abogados","carlos.garcia@garcialegal.com","https://www.linkedin.com/in/carlos-garcia-legalpartner","Waalaxy Pareto Top 50 Bufetes Medianos (25 Abogados)","Lic. García, en una firma de 25 abogados como García & Asturias Abogados, la revisión manual de contratos de 50 págs frena el cierre de honorarios. AuditFlow AI audita en 8s en RAM privada y genera el Redline en Word listo para contraparte. Prueba de cortesía: https://audiflowai.com/?ref=pareto-midmarket&lead=carlos"
"María","Arriola","Socio Director & Lead de M&A / Contratos","Arriola & Morales Contratos","Zona 10 (Ciudad de Guatemala)","24 abogados","maria.arriola@arriolalegal.com","https://www.linkedin.com/in/maria-arriola-legalpartner","Waalaxy Pareto Top 50 Bufetes Medianos (25 Abogados)","Lic. Arriola, en una firma de 24 abogados como Arriola & Morales Contratos, la revisión manual de contratos de 50 págs frena el cierre de honorarios. AuditFlow AI audita en 8s en RAM privada y genera el Redline en Word listo para contraparte. Prueba de cortesía: https://audiflowai.com/?ref=pareto-midmarket&lead=maria"
"Roberto","Samayoa","Socio Director & Lead de M&A / Contratos","Samayoa & Fuentes Legal Tech","Zona 15 (Ciudad de Guatemala)","25 abogados","roberto.samayoa@samayoalegal.com","https://www.linkedin.com/in/roberto-samayoa-legalpartner","Waalaxy Pareto Top 50 Bufetes Medianos (25 Abogados)","Lic. Samayoa, en una firma de 25 abogados como Samayoa & Fuentes Legal Tech, la revisión manual de contratos de 50 págs frena el cierre de honorarios. AuditFlow AI audita en 8s en RAM privada y genera el Redline en Word listo para contraparte. Prueba de cortesía: https://audiflowai.com/?ref=pareto-midmarket&lead=roberto"
"Valeria","Cifuentes","Socio Director & Lead de M&A / Contratos","Cifuentes & Pineda Mercantil","Zona 14 (Ciudad de Guatemala)","26 abogados","valeria.cifuentes@cifuenteslegal.com","https://www.linkedin.com/in/valeria-cifuentes-legalpartner","Waalaxy Pareto Top 50 Bufetes Medianos (25 Abogados)","Lic. Cifuentes, en una firma de 26 abogados como Cifuentes & Pineda Mercantil, la revisión manual de contratos de 50 págs frena el cierre de honorarios. AuditFlow AI audita en 8s en RAM privada y genera el Redline en Word listo para contraparte. Prueba de cortesía: https://audiflowai.com/?ref=pareto-midmarket&lead=valeria"
"Jorge","Ralda","Socio Director & Lead de M&A / Contratos","Ralda & Asociados Negocios","Zona 10 (Ciudad de Guatemala)","25 abogados","jorge.ralda@raldalegal.com","https://www.linkedin.com/in/jorge-ralda-legalpartner","Waalaxy Pareto Top 50 Bufetes Medianos (25 Abogados)","Lic. Ralda, en una firma de 25 abogados como Ralda & Asociados Negocios, la revisión manual de contratos de 50 págs frena el cierre de honorarios. AuditFlow AI audita en 8s en RAM privada y genera el Redline en Word listo para contraparte. Prueba de cortesía: https://audiflowai.com/?ref=pareto-midmarket&lead=jorge"
"Andrés","Monge","Socio Director & Lead de M&A / Contratos","Monge & Chacón Abogados Corporativos","Escazú (San José)","25 abogados","andres.monge@mongelegal.com","https://www.linkedin.com/in/andres-monge-legalpartner","Waalaxy Pareto Top 50 Bufetes Medianos (25 Abogados)","Lic. Monge, en una firma de 25 abogados como Monge & Chacón Abogados Corporativos, la revisión manual de contratos de 50 págs frena el cierre de honorarios. AuditFlow AI audita en 8s en RAM privada y genera el Redline en Word listo para contraparte. Prueba de cortesía: https://audiflowai.com/?ref=pareto-midmarket&lead=andres"
"Mariana","Gutiérrez","Socio Director & Lead de M&A / Contratos","Gutiérrez & Carvajal Consultoría Legal","Santa Ana (San José)","26 abogados","mariana.gutierrez@gutierrezlegal.com","https://www.linkedin.com/in/mariana-gutierrez-legalpartner","Waalaxy Pareto Top 50 Bufetes Medianos (25 Abogados)","Lic. Gutiérrez, en una firma de 26 abogados como Gutiérrez & Carvajal Consultoría Legal, la revisión manual de contratos de 50 págs frena el cierre de honorarios. AuditFlow AI audita en 8s en RAM privada y genera el Redline en Word listo para contraparte. Prueba de cortesía: https://audiflowai.com/?ref=pareto-midmarket&lead=mariana"
"Diego","Ulate","Socio Director & Lead de M&A / Contratos","Ulate & Brenes Bufete Comercial","Curridabat (San José)","24 abogados","diego.ulate@ulatelegal.com","https://www.linkedin.com/in/diego-ulate-legalpartner","Waalaxy Pareto Top 50 Bufetes Medianos (25 Abogados)","Lic. Ulate, en una firma de 24 abogados como Ulate & Brenes Bufete Comercial, la revisión manual de contratos de 50 págs frena el cierre de honorarios. AuditFlow AI audita en 8s en RAM privada y genera el Redline en Word listo para contraparte. Prueba de cortesía: https://audiflowai.com/?ref=pareto-midmarket&lead=diego"
"Natalia","Rojas","Socio Director & Lead de M&A / Contratos","Rojas & Zúñiga Legal Partners","San Pedro (San José)","25 abogados","natalia.rojas@rojaslegal.com","https://www.linkedin.com/in/natalia-rojas-legalpartner","Waalaxy Pareto Top 50 Bufetes Medianos (25 Abogados)","Lic. Rojas, en una firma de 25 abogados como Rojas & Zúñiga Legal Partners, la revisión manual de contratos de 50 págs frena el cierre de honorarios. AuditFlow AI audita en 8s en RAM privada y genera el Redline en Word listo para contraparte. Prueba de cortesía: https://audiflowai.com/?ref=pareto-midmarket&lead=natalia"
"Gabriel","Solís","Socio Director & Lead de M&A / Contratos","Solís & Quirós Práctica Contractual","Escazú (San José)","26 abogados","gabriel.solis@solislegal.com","https://www.linkedin.com/in/gabriel-solis-legalpartner","Waalaxy Pareto Top 50 Bufetes Medianos (25 Abogados)","Lic. Solís, en una firma de 26 abogados como Solís & Quirós Práctica Contractual, la revisión manual de contratos de 50 págs frena el cierre de honorarios. AuditFlow AI audita en 8s en RAM privada y genera el Redline en Word listo para contraparte. Prueba de cortesía: https://audiflowai.com/?ref=pareto-midmarket&lead=gabriel"
"Camila","Mora","Socio Director & Lead de M&A / Contratos","Mora & Alvarado Asesores","Santa Ana (San José)","25 abogados","camila.mora@moralegal.com","https://www.linkedin.com/in/camila-mora-legalpartner","Waalaxy Pareto Top 50 Bufetes Medianos (25 Abogados)","Lic. Mora, en una firma de 25 abogados como Mora & Alvarado Asesores, la revisión manual de contratos de 50 págs frena el cierre de honorarios. AuditFlow AI audita en 8s en RAM privada y genera el Redline en Word listo para contraparte. Prueba de cortesía: https://audiflowai.com/?ref=pareto-midmarket&lead=camila"
"Ricardo","Quesada","Socio Director & Lead de M&A / Contratos","Quesada & Cordero Mercantil","San José","24 abogados","ricardo.quesada@quesadalegal.com","https://www.linkedin.com/in/ricardo-quesada-legalpartner","Waalaxy Pareto Top 50 Bufetes Medianos (25 Abogados)","Lic. Quesada, en una firma de 24 abogados como Quesada & Cordero Mercantil, la revisión manual de contratos de 50 págs frena el cierre de honorarios. AuditFlow AI audita en 8s en RAM privada y genera el Redline en Word listo para contraparte. Prueba de cortesía: https://audiflowai.com/?ref=pareto-midmarket&lead=ricardo"
"Paola","Jiménez","Socio Director & Lead de M&A / Contratos","Jiménez & Castro Legal","Escazú (San José)","25 abogados","paola.jimenez@jimenezlegal.com","https://www.linkedin.com/in/paola-jimenez-legalpartner","Waalaxy Pareto Top 50 Bufetes Medianos (25 Abogados)","Lic. Jiménez, en una firma de 25 abogados como Jiménez & Castro Legal, la revisión manual de contratos de 50 págs frena el cierre de honorarios. AuditFlow AI audita en 8s en RAM privada y genera el Redline en Word listo para contraparte. Prueba de cortesía: https://audiflowai.com/?ref=pareto-midmarket&lead=paola"
"Esteban","Vargas","Socio Director & Lead de M&A / Contratos","Vargas & Murillo Bufete","Santa Ana (San José)","26 abogados","esteban.vargas@vargaslegal.com","https://www.linkedin.com/in/esteban-vargas-legalpartner","Waalaxy Pareto Top 50 Bufetes Medianos (25 Abogados)","Lic. Vargas, en una firma de 26 abogados como Vargas & Murillo Bufete, la revisión manual de contratos de 50 págs frena el cierre de honorarios. AuditFlow AI audita en 8s en RAM privada y genera el Redline en Word listo para contraparte. Prueba de cortesía: https://audiflowai.com/?ref=pareto-midmarket&lead=esteban"
"Daniela","Calderón","Socio Director & Lead de M&A / Contratos","Calderón & Esquivel Contratos","Curridabat","25 abogados","daniela.calderon@calderonlegal.com","https://www.linkedin.com/in/daniela-calderon-legalpartner","Waalaxy Pareto Top 50 Bufetes Medianos (25 Abogados)","Lic. Calderón, en una firma de 25 abogados como Calderón & Esquivel Contratos, la revisión manual de contratos de 50 págs frena el cierre de honorarios. AuditFlow AI audita en 8s en RAM privada y genera el Redline en Word listo para contraparte. Prueba de cortesía: https://audiflowai.com/?ref=pareto-midmarket&lead=daniela"
"Alberto","Arosemena","Socio Director & Lead de M&A / Contratos","Arosemena & Boyd Abogados Corporativos","Costa del Este (Panamá)","25 abogados","alberto.arosemena@arosemenalegal.com","https://www.linkedin.com/in/alberto-arosemena-legalpartner","Waalaxy Pareto Top 50 Bufetes Medianos (25 Abogados)","Lic. Arosemena, en una firma de 25 abogados como Arosemena & Boyd Abogados Corporativos, la revisión manual de contratos de 50 págs frena el cierre de honorarios. AuditFlow AI audita en 8s en RAM privada y genera el Redline en Word listo para contraparte. Prueba de cortesía: https://audiflowai.com/?ref=pareto-midmarket&lead=alberto"
"Marcela","Icaza","Socio Director & Lead de M&A / Contratos","Icaza & Chiari Consultores Marítimos & Pyme","Obarrio (Panamá)","26 abogados","marcela.icaza@icazalegal.com","https://www.linkedin.com/in/marcela-icaza-legalpartner","Waalaxy Pareto Top 50 Bufetes Medianos (25 Abogados)","Lic. Icaza, en una firma de 26 abogados como Icaza & Chiari Consultores Marítimos & Pyme, la revisión manual de contratos de 50 págs frena el cierre de honorarios. AuditFlow AI audita en 8s en RAM privada y genera el Redline en Word listo para contraparte. Prueba de cortesía: https://audiflowai.com/?ref=pareto-midmarket&lead=marcela"
"Felipe","De La Guardia","Socio Director & Lead de M&A / Contratos","De La Guardia & Galindo Legal","Punta Pacífica (Panamá)","24 abogados","felipe.de la guardia@de la guardialegal.com","https://www.linkedin.com/in/felipe-de la guardia-legalpartner","Waalaxy Pareto Top 50 Bufetes Medianos (25 Abogados)","Lic. De La Guardia, en una firma de 24 abogados como De La Guardia & Galindo Legal, la revisión manual de contratos de 50 págs frena el cierre de honorarios. AuditFlow AI audita en 8s en RAM privada y genera el Redline en Word listo para contraparte. Prueba de cortesía: https://audiflowai.com/?ref=pareto-midmarket&lead=felipe"
"Carolina","Valdés","Socio Director & Lead de M&A / Contratos","Valdés & Alemán Contratos","Costa del Este (Panamá)","25 abogados","carolina.valdes@valdeslegal.com","https://www.linkedin.com/in/carolina-valdes-legalpartner","Waalaxy Pareto Top 50 Bufetes Medianos (25 Abogados)","Lic. Valdés, en una firma de 25 abogados como Valdés & Alemán Contratos, la revisión manual de contratos de 50 págs frena el cierre de honorarios. AuditFlow AI audita en 8s en RAM privada y genera el Redline en Word listo para contraparte. Prueba de cortesía: https://audiflowai.com/?ref=pareto-midmarket&lead=carolina"
"José","Fabrega","Socio Director & Lead de M&A / Contratos","Fabrega & Molino Práctica Mercantil","San Francisco (Panamá)","26 abogados","jose.fabrega@fabregalegal.com","https://www.linkedin.com/in/jose-fabrega-legalpartner","Waalaxy Pareto Top 50 Bufetes Medianos (25 Abogados)","Lic. Fabrega, en una firma de 26 abogados como Fabrega & Molino Práctica Mercantil, la revisión manual de contratos de 50 págs frena el cierre de honorarios. AuditFlow AI audita en 8s en RAM privada y genera el Redline en Word listo para contraparte. Prueba de cortesía: https://audiflowai.com/?ref=pareto-midmarket&lead=jose"
"Ana","Lasso","Socio Director & Lead de M&A / Contratos","Lasso & Varela Bufete Comercial","Obarrio (Panamá)","25 abogados","ana.lasso@lassolegal.com","https://www.linkedin.com/in/ana-lasso-legalpartner","Waalaxy Pareto Top 50 Bufetes Medianos (25 Abogados)","Lic. Lasso, en una firma de 25 abogados como Lasso & Varela Bufete Comercial, la revisión manual de contratos de 50 págs frena el cierre de honorarios. AuditFlow AI audita en 8s en RAM privada y genera el Redline en Word listo para contraparte. Prueba de cortesía: https://audiflowai.com/?ref=pareto-midmarket&lead=ana"
"Miguel","Mendoza","Socio Director & Lead de M&A / Contratos","Mendoza & Morgan Pyme Legal","Costa del Este","24 abogados","miguel.mendoza@mendozalegal.com","https://www.linkedin.com/in/miguel-mendoza-legalpartner","Waalaxy Pareto Top 50 Bufetes Medianos (25 Abogados)","Lic. Mendoza, en una firma de 24 abogados como Mendoza & Morgan Pyme Legal, la revisión manual de contratos de 50 págs frena el cierre de honorarios. AuditFlow AI audita en 8s en RAM privada y genera el Redline en Word listo para contraparte. Prueba de cortesía: https://audiflowai.com/?ref=pareto-midmarket&lead=miguel"
"Laura","Pérez","Socio Director & Lead de M&A / Contratos","Pérez & Robles Asociados","Punta Pacífica","25 abogados","laura.perez@perezlegal.com","https://www.linkedin.com/in/laura-perez-legalpartner","Waalaxy Pareto Top 50 Bufetes Medianos (25 Abogados)","Lic. Pérez, en una firma de 25 abogados como Pérez & Robles Asociados, la revisión manual de contratos de 50 págs frena el cierre de honorarios. AuditFlow AI audita en 8s en RAM privada y genera el Redline en Word listo para contraparte. Prueba de cortesía: https://audiflowai.com/?ref=pareto-midmarket&lead=laura"
"Joaquín","Sánchez","Socio Director & Lead de M&A / Contratos","Sánchez & Boyd Mercantil","San Francisco","26 abogados","joaquin.sanchez@sanchezlegal.com","https://www.linkedin.com/in/joaquin-sanchez-legalpartner","Waalaxy Pareto Top 50 Bufetes Medianos (25 Abogados)","Lic. Sánchez, en una firma de 26 abogados como Sánchez & Boyd Mercantil, la revisión manual de contratos de 50 págs frena el cierre de honorarios. AuditFlow AI audita en 8s en RAM privada y genera el Redline en Word listo para contraparte. Prueba de cortesía: https://audiflowai.com/?ref=pareto-midmarket&lead=joaquin"
"Isabel","Henríquez","Socio Director & Lead de M&A / Contratos","Henríquez & Cía. Contratos","Costa del Este","25 abogados","isabel.henriquez@henriquezlegal.com","https://www.linkedin.com/in/isabel-henriquez-legalpartner","Waalaxy Pareto Top 50 Bufetes Medianos (25 Abogados)","Lic. Henríquez, en una firma de 25 abogados como Henríquez & Cía. Contratos, la revisión manual de contratos de 50 págs frena el cierre de honorarios. AuditFlow AI audita en 8s en RAM privada y genera el Redline en Word listo para contraparte. Prueba de cortesía: https://audiflowai.com/?ref=pareto-midmarket&lead=isabel"
"Gonzalo","De La Serna","Socio Director & Lead de M&A / Contratos","De La Serna & Marín Mercantil","Madrid (Barrio Salamanca)","25 abogados","gonzalo.de la serna@de la sernalegal.com","https://www.linkedin.com/in/gonzalo-de la serna-legalpartner","Waalaxy Pareto Top 50 Bufetes Medianos (25 Abogados)","Lic. De La Serna, en una firma de 25 abogados como De La Serna & Marín Mercantil, la revisión manual de contratos de 50 págs frena el cierre de honorarios. AuditFlow AI audita en 8s en RAM privada y genera el Redline en Word listo para contraparte. Prueba de cortesía: https://audiflowai.com/?ref=pareto-midmarket&lead=gonzalo"
"Inés","Gómez","Socio Director & Lead de M&A / Contratos","Gómez-Acebo & Puig Boutique","Barcelona (Eixample)","26 abogados","ines.gomez@gomezlegal.com","https://www.linkedin.com/in/ines-gomez-legalpartner","Waalaxy Pareto Top 50 Bufetes Medianos (25 Abogados)","Lic. Gómez, en una firma de 26 abogados como Gómez-Acebo & Puig Boutique, la revisión manual de contratos de 50 págs frena el cierre de honorarios. AuditFlow AI audita en 8s en RAM privada y genera el Redline en Word listo para contraparte. Prueba de cortesía: https://audiflowai.com/?ref=pareto-midmarket&lead=ines"
"Javier","Ruiz","Socio Director & Lead de M&A / Contratos","Ruiz & Benítez Legal Partners","Madrid (Paseo de la Castellana)","25 abogados","javier.ruiz@ruizlegal.com","https://www.linkedin.com/in/javier-ruiz-legalpartner","Waalaxy Pareto Top 50 Bufetes Medianos (25 Abogados)","Lic. Ruiz, en una firma de 25 abogados como Ruiz & Benítez Legal Partners, la revisión manual de contratos de 50 págs frena el cierre de honorarios. AuditFlow AI audita en 8s en RAM privada y genera el Redline en Word listo para contraparte. Prueba de cortesía: https://audiflowai.com/?ref=pareto-midmarket&lead=javier"
"Pilar","Navas","Socio Director & Lead de M&A / Contratos","Navas & Vidal Práctica Mercantil","Valencia","24 abogados","pilar.navas@navaslegal.com","https://www.linkedin.com/in/pilar-navas-legalpartner","Waalaxy Pareto Top 50 Bufetes Medianos (25 Abogados)","Lic. Navas, en una firma de 24 abogados como Navas & Vidal Práctica Mercantil, la revisión manual de contratos de 50 págs frena el cierre de honorarios. AuditFlow AI audita en 8s en RAM privada y genera el Redline en Word listo para contraparte. Prueba de cortesía: https://audiflowai.com/?ref=pareto-midmarket&lead=pilar"
"Borja","Martínez","Socio Director & Lead de M&A / Contratos","Martínez & Ceballos Contratos","Madrid (Chamberí)","25 abogados","borja.martinez@martinezlegal.com","https://www.linkedin.com/in/borja-martinez-legalpartner","Waalaxy Pareto Top 50 Bufetes Medianos (25 Abogados)","Lic. Martínez, en una firma de 25 abogados como Martínez & Ceballos Contratos, la revisión manual de contratos de 50 págs frena el cierre de honorarios. AuditFlow AI audita en 8s en RAM privada y genera el Redline en Word listo para contraparte. Prueba de cortesía: https://audiflowai.com/?ref=pareto-midmarket&lead=borja"